"no.","name","census 2001","census 2006","calculation 2010","annualgrowth","latitude","longitude","parent division","name variants","metropolitan area"
1,"Abbotsford","129 989","138 986","149 088",1.77,"49.06°N","122.30°W","British Columbia","Matsqui","Vancouver"
2,"Acton","7 767","8 481","9 059",1.66,"43.63°N","80.03°W","Ontario"," ","Toronto"
3,"Acton Vale","5 052","5 236","5 368",0.62,"45.63°N","72.57°W","Quebec"," "," "
4,"Airdrie","20 382","28 892","37 242",6.55,"51.30°N","114.02°W","Alberta"," ","Calgary"
5,"Aklavik"," "," ",621,,"68.22°N","135.00°W","Northwest Territories"," "," "
6,"Alberton","1 115","1 081","1 052",-0.68,"46.80°N","64.07°W","Prince Edward Island"," "," "
7,"Aldergrove","11 910","12 363","12 695",0.66,"49.06°N","122.50°W","British Columbia"," ","Vancouver"
8,"Alençon","1 399","1 462","1 509",0.79,"46.07°N","73.13°W","Quebec"," "," "
9,"Alexandria","3 379","3 287","3 208",-0.61,"45.30°N","74.63°W","Ontario"," "," "
10,"Alfred","1 348","1 340","1 330",-0.19,"45.55°N","74.87°W","Ontario"," "," "
11,"Alliston","11 093","12 523","13 728",2.32,"44.15°N","79.87°W","Ontario"," "," "
12,"Alma","26 208","25 394","24 793",-0.6,"48.55°N","71.66°W","Quebec"," "," "
13,"Almonte","4 659","4 538","4 434",-0.58,"45.22°N","76.20°W","Ontario"," "," "
14,"Altona","3 470","3 746","3 964",1.42,"49.10°N","97.57°W","Manitoba"," "," "
15,"Amherst","9 502","9 547","9 496",-0.13,"45.83°N","64.21°W","Nova Scotia"," "," "
16,"Amherstburg","12 804","13 410","13 865",0.84,"42.10°N","83.10°W","Ontario"," ","Detroit-Windsor"
17,"Amigo Beach","1 215","1 129","1 063",-1.49,"44.77°N","79.34°W","Ontario"," "," "
18,"Amos","10 463","10 033","9 682",-0.89,"48.57°N","78.14°W","Quebec"," "," "
19,"Amqui","4 768","4 519","4 321",-1.11,"48.47°N","67.43°W","Quebec"," "," "
20,"Angus-Borden","9 722","8 615","8 014",-1.79,"44.32°N","79.88°W","Ontario","Angus"," "
21,"Antigonish","5 195","4 665","4 275",-2.16,"45.62°N","61.97°W","Nova Scotia"," "," "
22,"Armstrong","4 256","4 258","4 249",-0.05,"50.45°N","119.18°W","British Columbia"," "," "
23,"Arnold's Cove","1 024","1 003",983,-0.5,"47.77°N","53.99°W","Newfoundland and Labrador"," "," "
24,"Arnprior","9 100","9 076","9 033",-0.12,"45.43°N","76.37°W","Ontario"," "," "
25,"Arthur","2 284","2 327","2 355",0.3,"43.83°N","80.53°W","Ontario"," "," "
26,"Arviat","1 899","1 785","1 739",-0.65,"","","Nunavut"," "," "
27,"Asbestos","6 831","7 017","7 170",0.54,"45.78°N","71.95°W","Quebec"," "," "
28,"Ashcroft","1 788","1 664","1 569",-1.46,"50.72°N","121.27°W","British Columbia"," "," "
29,"Assiniboia","2 483","2 305","2 167",-1.53,"49.62°N","105.98°W","Saskatchewan"," "," "
30,"Athabasca","2 415","2 575","2 702",1.21,"54.72°N","113.27°W","Alberta"," "," "
31,"Atikokan","3 560","3 230","3 053",-1.4,"48.75°N","91.62°W","Ontario"," "," "
32,"Aylmer","7 254","7 163","7 074",-0.31,"42.78°N","80.98°W","Ontario"," "," "
33,"Ayr","3 636","3 742","3 816",0.49,"43.28°N","80.45°W","Ontario"," "," "
34,"Baie-Comeau","10 266","10 178","10 080",-0.24,"49.22°N","68.16°W","Quebec"," "," "
35,"Baie-Saint-Paul","4 870","4 545","4 294",-1.41,"47.43°N","70.50°W","Quebec"," "," "
36,"Balgonie","1 239","1 384","1 503",2.08,"","","Saskatchewan"," "," "
37,"Ballantrae",295,"1 278","1 649",6.58,"","","Ontario"," "," "
38,"Banff","7 135","6 700","6 537",-0.61,"51.17°N","115.57°W","Alberta"," "," "
39,"Barraute","1 161","1 133","1 108",-0.56,"48.43°N","77.63°W","Quebec"," "," "
40,"Barrhead","4 213","4 209","4 199",-0.06,"54.12°N","114.40°W","Alberta"," "," "
41,"Barrie","129 963","157 501","189 468",4.73,"44.38°N","79.68°W","Ontario"," ","Barrie"
42,"Barry's Bay","1 259","1 260","1 257",-0.06,"45.48°N","77.68°W","Ontario"," "," "
43,"Bassano","1 320","1 345","1 362",0.31,"50.78°N","112.47°W","Alberta"," "," "
44,"Bathurst","18 597","18 154","18 431",0.38,"47.62°N","65.65°W","New Brunswick"," "," "
45,"Bay Roberts","10 193","10 180","10 931",1.8,"47.59°N","53.29°W","Newfoundland and Labrador"," "," "
46,"Beamsville","9 047","9 703","10 220",1.31,"43.17°N","79.47°W","Ontario"," "," "
47,"Beauceville","3 924","3 795","3 687",-0.72,"46.20°N","70.77°W","Quebec"," "," "
48,"Beaumont","7 006","8 961","10 837",4.87,"53.35°N","113.42°W","Alberta"," ","Edmonton"
49,"Beaupré","5 202","5 539","5 800",1.16,"47.05°N","70.88°W","Quebec"," "," "
50,"Beausejour","2 772","2 823","2 855",0.28,"50.07°N","96.52°W","Manitoba","Beauséjour"," "
51,"Beaverlodge","2 110","2 264","2 388",1.34,"55.20°N","119.45°W","Alberta"," "," "
52,"Beaverton","3 065","2 970","2 890",-0.68,"44.43°N","79.15°W","Ontario"," "," "
53,"Bedford","2 667","2 612","2 562",-0.48,"45.12°N","72.98°W","Quebec"," "," "
54,"Beeton","3 822","3 887","3 928",0.26,"44.11°N","79.79°W","Ontario"," "," "
55,"Belleville","61 886","64 071","65 650",0.61,"44.17°N","77.38°W","Ontario"," ","Belleville"
56,"Belmont","1 819","1 885","1 933",0.63,"42.88°N","81.06°W","Ontario"," "," "
57,"Beloeil","43 235","45 299","46 839",0.84,"45.55°N","73.23°W","Quebec"," ","Montréal"
58,"Bernierville","1 359","1 101",991,-2.6,"46.10°N","71.54°W","Quebec"," "," "
59,"Berthierville","4 340","4 391","4 418",0.15,"46.08°N","73.17°W","Quebec"," "," "
60,"Berwick","2 358","2 524","2 652",1.24,"45.03°N","64.73°W","Nova Scotia"," "," "
61,"Betsiamites","1 625","1 605","1 585",-0.31,"48.95°N","68.65°W","Quebec"," "," "
62,"Biggar","2 213","2 003","1 846",-2.02,"52.05°N","107.98°W","Saskatchewan"," "," "
63,"Bishop's Falls","3 606","3 326","3 111",-1.66,"49.02°N","55.52°W","Newfoundland and Labrador"," "," "
64,"Black Diamond","3 484","3 813","4 084",1.73,"50.70°N","114.23°W","Alberta"," "," "
65,"Blackfalds","3 116","4 571","6 049",7.26,"52.38°N","113.80°W","Alberta"," "," "
66,"Blairmore","1 993","1 830","1 759",-0.98,"49.60°N","114.43°W","Alberta"," "," "
67,"Blenheim","4 795","4 549","4 354",-1.09,"42.33°N","82.00°W","Ontario"," "," "
68,"Blind Bay","1 480","1 626","1 745",1.78,"50.85°N","119.35°W","British Columbia"," "," "
69,"Blind River","2 808","2 659","2 542",-1.12,"46.18°N","82.95°W","Ontario"," "," "
70,"Bobcaygeon","2 854","3 313","3 712",2.88,"44.53°N","78.55°W","Ontario"," ","Kawartha Lakes"
71,"Boissevain","1 495","1 497","1 494",-0.05,"49.23°N","100.05°W","Manitoba"," "," "
72,"Bolton","20 553","24 492","28 005",3.41,"43.88°N","79.73°W","Ontario"," ","Toronto"
73,"Bon Accord","1 532","1 534","1 533",-0.02,"53.83°N","113.42°W","Alberta"," "," "
74,"Bonaventure","1 456","1 453","1 446",-0.12,"48.05°N","65.47°W","Quebec"," "," "
75,"Bonavista","3 781","3 535","3 299",-1.71,"48.65°N","53.13°W","Newfoundland and Labrador"," "," "
76,"Bonnyville","5 709","5 832","5 919",0.37,"54.27°N","110.75°W","Alberta"," "," "
77,"Botwood","3 221","3 052","2 915",-1.14,"49.15°N","55.37°W","Newfoundland and Labrador"," "," "
78,"Bouctouche","1 958","1 911","1 869",-0.55,"46.48°N","64.72°W","New Brunswick"," "," "
79,"Bowden","1 174","1 205","1 228",0.47,"","","Alberta"," "," "
80,"Bow Island","1 704","1 790","1 857",0.92,"49.87°N","111.37°W","Alberta"," "," "
81,"Bowmanville-Newcastle","32 777","38 966","44 472",3.36,"43.90°N","78.68°W","Ontario","Bowmanville - Newcastle"," "
82,"Bracebridge","7 951","8 847","9 589",2.03,"45.03°N","79.30°W","Ontario"," "," "
83,"Bradford","17 070","18 624","19 966",1.75,"44.12°N","79.56°W","Ontario","Bradford West Gwillimbury"," "
84,"Brandon","39 716","41 511","42 585",0.64,"49.84°N","99.96°W","Manitoba"," "," "
85,"Brantford","86 417","90 192","92 538",0.64,"43.15°N","80.26°W","Ontario"," "," "
86,"Bridgenorth-Chemong Park Area","2 279","2 275","2 266",-0.1,"44.50°N","78.33°W","Ontario","Bridgenorth - Chemong Park Area","Kawartha Lakes"
87,"Bridgetown","1 104","1 082","1 062",-0.47,"44.85°N","65.15°W","Nova Scotia"," "," "
88,"Bridgewater","7 782","8 021","8 202",0.56,"44.38°N","64.52°W","Nova Scotia"," "," "
89,"Brighton","4 878","5 338","5 711",1.7,"44.03°N","77.73°W","Ontario"," "," "
90,"Brockville","23 024","23 620","24 062",0.46,"44.61°N","75.70°W","Ontario"," "," "
91,"Bromont","1 025","1 126","1 208",1.77,"45.28°N","72.65°W","Quebec"," "," "
92,"Brooks","11 818","12 569","13 278",1.38,"50.57°N","111.91°W","Alberta"," "," "
93,"Brookside","1 442","1 380","1 329",-0.94,"44.72°N","63.38°W","Nova Scotia","Brookfield"," "
94,"Brownsburg","2 555","2 415","2 304",-1.17,"45.68°N","74.40°W","Quebec"," "," "
95,"Brussels","1 143","1 170","1 188",0.38,"43.75°N","81.25°W","Ontario"," "," "
96,"Buckingham","21 027","22 078","22 867",0.88,"45.58°N","75.42°W","Quebec"," ","Ottawa"
97,"Burford","1 841","1 940","2 015",0.95,"43.11°N","80.42°W","Ontario"," "," "
98,"Burgeo","1 782","1 602","1 469",-2.14,"47.60°N","57.63°W","Newfoundland and Labrador"," "," "
99,"Burns Lake","2 623","2 778","2 898",1.06,"54.22°N","125.77°W","British Columbia"," "," "
100,"Cabano","2 395","2 322","2 260",-0.67,"47.68°N","68.88°W","Quebec"," "," "
101,"Cache Creek","1 056","1 037","1 020",-0.41,"50.80°N","121.32°W","British Columbia"," "," "
102,"Caledon","1 651","1 580","1 523",-0.91,"43.81°N","79.83°W","Ontario"," ","Toronto"
103,"Caledon East","1 974","1 950","1 926",-0.31,"43.87°N","79.87°W","Ontario"," ","Toronto"
104,"Caledonia","9 228","9 740","10 132",0.99,"43.07°N","79.95°W","Ontario"," "," "
105,"Calgary","879 252","988 079","1 078 793",2.22,"51.05°N","114.06°W","Alberta"," ","Calgary"
106,"Calmar","1 902","1 959","2 001",0.53,"53.25°N","113.78°W","Alberta"," "," "
107,"Cambridge Bay","1 309","1 147","1 066",-1.81,"","","Nunavut"," "," "
108,"Campbellford","3 512","3 173","2 991",-1.47,"44.30°N","77.80°W","Ontario"," "," "
109,"Campbell River","31 506","32 884","34 151",0.95,"49.99°N","125.23°W","British Columbia"," "," "
110,"Campbellton","12 210","11 676","11 236",-0.96,"48.00°N","66.68°W","New Brunswick"," "," "
111,"Camrose","14 870","15 620","16 211",0.93,"53.02°N","112.84°W","Alberta"," "," "
112,"Canmore","10 094","10 884","11 785",2.01,"51.09°N","115.35°W","Alberta"," "," "
113,"Cannington","2 007","2 023","2 030",0.09,"44.35°N","79.03°W","Ontario"," "," "
114,"Canora","2 200","2 013","1 871",-1.81,"51.63°N","102.43°W","Saskatchewan"," "," "
115,"Cap-aux-Meules","1 659","1 685","1 701",0.24,"47.38°N","61.87°W","Quebec"," "," "
116,"Cap-Chat","1 442","1 371","1 314",-1.06,"49.08°N","66.68°W","Quebec"," "," "
117,"Capreol","3 471","3 399","3 335",-0.47,"46.70°N","80.92°W","Ontario"," "," "
118,"Caraquet","4 773","4 338","4 012",-1.93,"47.78°N","64.95°W","New Brunswick"," "," "
119,"Carberry","1 513","1 502","1 489",-0.22,"49.87°N","99.35°W","Manitoba"," "," "
120,"Carbonear","7 465","7 199","6 972",-0.8,"47.75°N","53.24°W","Newfoundland and Labrador"," "," "
121,"Cardinal","1 739","1 785","1 817",0.45,"44.78°N","75.37°W","Ontario"," "," "
122,"Cardston","3 475","3 452","3 428",-0.17,"49.20°N","113.32°W","Alberta"," "," "
123,"Carleton","1 173","1 162","1 150",-0.26,"48.10°N","66.10°W","Quebec","Carleton Centre"," "
124,"Carleton Place","9 259","9 658","9 954",0.76,"45.13°N","76.13°W","Ontario"," "," "
125,"Carlisle","2 180","2 377","2 536",1.63,"43.15°N","81.54°W","Ontario"," "," "
126,"Carlyle","1 260","1 257","1 250",-0.14,"49.63°N","102.27°W","Saskatchewan"," "," "
127,"Carman","2 831","2 880","2 910",0.26,"49.50°N","98.00°W","Manitoba"," "," "
128,"Carnduff","1 017","1 012","1 004",-0.2,"49.17°N","101.78°W","Saskatchewan"," "," "
129,"Carstairs","2 254","2 656","3 013",3.2,"51.53°N","114.10°W","Alberta"," "," "
130,"Casselman","2 910","3 294","3 619",2.38,"45.30°N","75.08°W","Ontario"," "," "
131,"Castlegar","8 687","8 354","8 082",-0.82,"49.32°N","117.67°W","British Columbia"," "," "
132,"Causapscal","2 000","1 867","1 764",-1.41,"48.35°N","67.22°W","Quebec"," "," "
133,"Cayuga","1 643","1 575","1 520",-0.88,"42.93°N","79.95°W","Ontario"," "," "
134,"Chandler","2 817","2 751","2 693",-0.53,"48.33°N","64.67°W","Quebec"," "," "
135,"Channel-Port aux Basques","4 330","4 113","3 862",-1.56,"47.58°N","59.17°W","Newfoundland and Labrador"," "," "
136,"Chapais","1 606","1 553","1 508",-0.73,"49.78°N","74.87°W","Quebec"," "," "
137,"Chapleau","2 832","2 354","2 097",-2.85,"47.83°N","83.40°W","Ontario"," "," "
138,"Charlottetown","38 406","38 801","39 685",0.56,"46.24°N","63.14°W","Prince Edward Island"," ","Charlottetown"
139,"Chase","2 470","2 409","2 356",-0.55,"50.82°N","119.68°W","British Columbia"," "," "
140,"Châteauguay","63 258","66 204","68 395",0.82,"","","Quebec"," "," "
141,"Château-Richer","1 210","1 230","1 242",0.24,"","","Quebec","Richer"," "
142,"Chatham","44 156","45 783","46 706",0.5,"42.41°N","82.19°W","Ontario"," ","Chatham-Kent"
143,"Chatham-Douglastown","13 784","13 441","13 133",-0.58,"47.03°N","65.46°W","New Brunswick","Chatham, Chatham - Douglastown"," "
144,"Chemainus","2 706","2 937","3 123",1.55,"48.92°N","123.70°W","British Columbia"," "," "
145,"Chesley","1 880","2 010","2 112",1.25,"44.30°N","81.10°W","Ontario"," "," "
146,"Chester","1 590","1 496","1 422",-1.26,"44.53°N","64.23°W","Nova Scotia"," "," "
147,"Chestermere","3 856","9 564","14 417",10.8,"51.06°N","113.78°W","Alberta"," ","Calgary"
148,"Chesterville","1 498","1 528","1 548",0.33,"45.10°N","75.22°W","Ontario"," "," "
149,"Chetwynd","2 241","2 218","2 195",-0.26,"55.70°N","121.62°W","British Columbia"," "," "
150,"Chibougamou","7 478","7 014","6 653",-1.31,"49.87°N","74.35°W","Quebec","Chibougamoo, Chibougamau"," "
151,"Chicoutimi-Jonquière","108 409","106 103","104 029",-0.49,"48.43°N","71.08°W","Quebec","Chicoutimi, Jonquière, Saguenay, Chicoutimi - Jonquière","Chicoutimi-Jonquière"
152,"Chilliwack","53 335","59 453","64 536",2.07,"49.17°N","121.96°W","British Columbia"," ","Chilliwack"
153,"Chisasibi","3 467","2 579","2 212",-3.76,"53.79°N","78.94°W","Quebec"," "," "
154,"Chute-aux-Outardes","1 968","1 853","1 763",-1.24,"49.12°N","68.38°W","Quebec"," "," "
155,"Clairmont","1 481","1 508","1 527",0.31,"55.27°N","118.80°W","Alberta"," "," "
156,"Clarenville-Shoal Harbour","3 810","3 873","3 908",0.23,"48.15°N","53.97°W","Newfoundland and Labrador"," "," "
157,"Claresholm","3 622","3 700","3 755",0.37,"50.03°N","113.58°W","Alberta"," "," "
158,"Clermont","2 946","2 898","2 853",-0.39,"47.68°N","70.23°W","Quebec"," "," "
159,"Clinton","3 117","3 082","3 047",-0.29,"43.60°N","81.53°W","Ontario"," "," "
160,"Coaldale","6 008","6 177","6 301",0.5,"49.73°N","112.62°W","Alberta"," "," "
161,"Coalhurst","1 476","1 523","1 558",0.57,"49.74°N","112.92°W","Alberta"," "," "
162,"Coaticook","6 907","6 840","6 768",-0.26,"45.13°N","71.80°W","Quebec"," "," "
163,"Cobourg","17 172","18 210","19 019",1.09,"43.96°N","78.17°W","Ontario"," "," "
164,"Cochrane","11 798","13 486","15 646",3.78,"51.19°N","114.47°W","Alberta"," ","Calgary"
165,"Cochrane","4 172","4 072","3 985",-0.54,"49.07°N","81.02°W","Ontario"," "," "
166,"Colborne","2 040","1 992","1 950",-0.53,"44.02°N","77.88°W","Ontario"," "," "
167,"Colchester","2 184","2 212","2 228",0.18,"41.98°N","82.93°W","Ontario"," ","Detroit-Windsor"
168,"Coleraine","1 274","1 283","1 286",0.06,"45.96°N","71.38°W","Quebec"," "," "
169,"Collingwood","15 605","16 269","16 699",0.65,"44.49°N","80.21°W","Ontario"," "," "
170,"Constance Bay","2 327","2 402","2 456",0.56,"45.25°N","75.50°W","Ontario"," ","Ottawa"
171,"Contrecoeur","3 631","4 032","4 091",0.36,"45.89°N","73.21°W","Quebec"," ","Montréal"
172,"Cookshire","1 543","1 483","1 434",-0.84,"45.42°N","71.62°W","Quebec"," "," "
173,"Cookstown","1 449","1 393","1 347",-0.84,"44.21°N","79.65°W","Ontario"," "," "
174,"Corner Brook","20 009","19 976","19 629",-0.44,"48.96°N","57.96°W","Newfoundland and Labrador"," "," "
175,"Cornwall","48 635","48 792","48 819",0.01,"45.03°N","74.74°W","Ontario"," ","Cornwall"
176,"Cornwall","2 209","2 245","2 266",0.23,"46.23°N","63.22°W","Prince Edward Island"," ","Charlottetown"
177,"Courtenay","33 483","37 161","40 202",1.99,"49.69°N","125.00°W","British Columbia"," "," "
178,"Cowansville","11 333","11 376","11 262",-0.25,"45.21°N","72.75°W","Quebec"," "," "
179,"Crabtree","2 212","2 352","2 460",1.13,"45.97°N","73.47°W","Quebec"," "," "
180,"Cranbrook","18 564","18 316","18 078",-0.33,"49.51°N","115.77°W","British Columbia"," "," "
181,"Creemore","1 317","1 289","1 264",-0.49,"44.32°N","80.10°W","Ontario"," "," "
182,"Creston","4 910","4 944","4 958",0.07,"49.10°N","116.52°W","British Columbia"," "," "
183,"Crofton",928,"1 108","1 269",3.45,"","","British Columbia"," "," "
184,"Crossfield","2 399","2 648","2 855",1.9,"51.43°N","114.03°W","Alberta"," "," "
185,"Crystal Beach","6 686","7 418","8 022",1.98,"45.05°N","79.40°W","Ontario"," "," "
186,"Cultus Lake","1 256","1 119","1 042",-1.77,"49.05°N","121.96°W","British Columbia"," "," "
187,"Cumberland","2 618","2 737","2 826",0.8,"49.62°N","125.02°W","British Columbia"," "," "
188,"Dalhousie","4 274","4 033","3 841",-1.21,"48.07°N","66.37°W","New Brunswick"," "," "
189,"Dallas","4 344","4 348","4 340",-0.05,"50.66°N","120.46°W","British Columbia"," "," "
190,"Dalmeny","1 610","1 560","1 516",-0.71,"52.33°N","106.78°W","Saskatchewan"," "," "
191,"Danville","1 733","1 661","1 602",-0.9,"45.78°N","72.02°W","Quebec"," "," "
192,"Dauphin","8 085","7 906","7 746",-0.51,"51.15°N","100.05°W","Manitoba"," "," "
193,"Daveluyville","1 297","1 302","1 302",0,"46.21°N","72.15°W","Quebec"," "," "
194,"Dawson Creek","10 754","10 994","11 156",0.37,"55.76°N","120.24°W","British Columbia"," "," "
195,"Deep River","4 067","4 091","4 099",0.05,"46.10°N","77.50°W","Ontario"," "," "
196,"Deer Lake","3 995","3 971","3 937",-0.21,"49.18°N","57.43°W","Newfoundland and Labrador"," "," "
197,"Dégelis","2 116","1 896","1 735",-2.19,"47.56°N","68.65°W","Quebec"," "," "
198,"Delhi","3 911","4 070","4 187",0.71,"42.85°N","80.50°W","Ontario"," "," "
199,"Desbiens","1 128","1 074","1 031",-1.02,"48.42°N","71.95°W","Quebec"," "," "
200,"Deseronto","1 796","1 824","1 841",0.23,"44.20°N","77.03°W","Ontario"," "," "
201,"Devon","4 969","6 256","7 473",4.54,"53.37°N","113.73°W","Alberta"," ","Edmonton"
202,"Didsbury","3 932","4 275","4 555",1.6,"51.67°N","114.13°W","Alberta"," "," "
203,"Digby","2 131","2 097","2 064",-0.4,"44.62°N","65.77°W","Nova Scotia"," "," "
204,"Disraëli","2 635","2 564","2 503",-0.6,"45.90°N","71.35°W","Quebec","Disraeli"," "
205,"Dolbeau","12 707","12 340","12 026",-0.64,"48.87°N","72.23°W","Quebec","Dolbeau-Mistassini"," "
206,"Donnacona","6 351","6 391","6 404",0.05,"46.67°N","71.73°W","Quebec"," "," "
207,"Dowling","1 638","1 642","1 641",-0.02,"","","Ontario"," "," "
208,"Drayton","1 520","1 692","1 835",2.05,"43.75°N","80.67°W","Ontario"," "," "
209,"Drayton Valley","6 090","6 893","7 578",2.4,"53.22°N","114.98°W","Alberta"," "," "
210,"Dresden","2 582","2 496","2 424",-0.73,"42.58°N","82.17°W","Ontario"," "," "
211,"Drumheller","6 556","6 544","6 515",-0.11,"51.47°N","112.71°W","Alberta"," "," "
212,"Drummondville","58 552","62 659","65 867",1.26,"45.89°N","72.49°W","Quebec"," ","Drummondville"
213,"Dryden","6 555","6 613","6 641",0.11,"49.78°N","92.83°W","Ontario"," "," "
214,"Duck Lake","5 603","5 643","5 660",0.08,"49.23°N","116.63°W","British Columbia"," "," "
215,"Duncan","21 515","23 136","24 421",1.36,"48.78°N","123.70°W","British Columbia"," "," "
216,"Dundalk","1 972","1 971","1 965",-0.08,"44.17°N","80.38°W","Ontario"," "," "
217,"Dunnville","5 686","5 729","5 747",0.08,"42.91°N","79.62°W","Ontario"," "," "
218,"Dunville","3 651","3 133","2 770",-3.03,"48.28°N","53.88°W","Newfoundland and Labrador"," "," "
219,"Durham","2 709","2 768","2 807",0.35,"44.18°N","80.82°W","Ontario"," "," "
220,"Dutton","1 374","1 448","1 504",0.95,"42.66°N","81.50°W","Ontario"," "," "
221,"East Angus","3 575","3 362","3 195",-1.27,"45.48°N","71.67°W","Quebec"," "," "
222,"East Broughton","2 367","2 351","2 332",-0.2,"46.22°N","71.08°W","Quebec"," "," "
223,"Edmonton","782 163","862 544","928 760",1.87,"53.57°N","113.54°W","Alberta"," ","Edmonton"
224,"Edmundston","14 872","14 110","14 103",-0.01,"47.38°N","68.34°W","New Brunswick"," "," "
225,"Edson","7 585","8 098","8 507",1.24,"53.58°N","116.42°W","Alberta"," "," "
226,"Eganville","1 230","1 240","1 245",0.1,"45.53°N","77.10°W","Ontario"," "," "
227,"Elkford","2 574","2 443","2 339",-1.08,"50.06°N","114.88°W","British Columbia"," "," "
228,"Elk Point","1 445","1 487","1 518",0.52,"53.90°N","110.90°W","Alberta"," "," "
229,"Elliot Lake","11 842","11 420","11 072",-0.77,"46.39°N","82.66°W","Ontario"," "," "
230,"Elmira","8 155","8 794","9 302",1.41,"43.60°N","80.55°W","Ontario"," ","Kitchener"
231,"Elmvale","2 176","2 183","2 183",0,"44.58°N","79.87°W","Ontario"," "," "
232,"Embrun","4 468","5 655","6 777",4.63,"45.29°N","75.30°W","Ontario"," "," "
233,"Enderby","2 823","2 843","2 851",0.07,"50.55°N","119.13°W","British Columbia"," "," "
234,"Enfield","3 250","3 415","3 537",0.88,"44.93°N","63.54°W","Nova Scotia"," "," "
235,"Englehart","1 595","1 494","1 416",-1.33,"47.82°N","79.87°W","Ontario"," "," "
236,"Erin","2 890","2 831","2 778",-0.47,"43.77°N","80.07°W","Ontario"," "," "
237,"Espanola","4 433","4 334","4 247",-0.51,"46.25°N","81.77°W","Ontario"," "," "
238,"Essex","7 002","7 105","7 167",0.22,"42.17°N","82.82°W","Ontario"," ","Detroit-Windsor"
239,"Esterhazy","2 348","2 336","2 318",-0.19,"50.65°N","102.08°W","Saskatchewan"," "," "
240,"Estevan","10 242","10 084","9 896",-0.47,"49.14°N","103.01°W","Saskatchewan"," "," "
241,"Everett","1 146","1 385","1 601",3.69,"44.25°N","80.00°W","Ontario"," "," "
242,"Exeter","4 452","4 657","4 810",0.81,"43.35°N","81.48°W","Ontario"," "," "
243,"Fairview","3 155","3 297","3 406",0.82,"56.07°N","118.40°W","Alberta"," "," "
244,"Farnham","5 963","6 148","6 278",0.52,"45.28°N","72.97°W","Quebec"," "," "
245,"Fenelon Falls","1 890","2 164","2 398",2.6,"44.53°N","78.75°W","Ontario"," "," "
246,"Fergus","16 732","18 211","19 402",1.6,"43.70°N","80.37°W","Ontario"," "," "
247,"Ferme-Neuve","2 081","1 936","1 825",-1.47,"46.70°N","75.45°W","Quebec"," "," "
248,"Fermont","2 918","2 623","2 407",-2.13,"52.79°N","67.06°W","Quebec"," "," "
249,"Fernie","5 002","4 621","4 333",-1.6,"49.50°N","115.07°W","British Columbia"," "," "
250,"Filion","1 227","1 854","2 475",7.49,"45.81°N","74.10°W","Quebec"," ","Montréal"
251,"Flin Flon","6 267","5 836","5 507",-1.44,"54.77°N","101.89°W","Manitoba"," "," "
252,"Foam Lake","1 218","1 123","1 050",-1.67,"51.65°N","103.53°W","Saskatchewan"," "," "
253,"Forest","2 857","2 899","2 924",0.21,"43.10°N","82.00°W","Ontario"," "," "
254,"Forestville","3 512","3 145","2 877",-2.2,"48.73°N","69.07°W","Quebec"," "," "
255,"Fort Albany",441,"1 805","2 312",6.38,"","","Ontario"," "," "
256,"Fort-Coulonge","2 864","2 419","2 168",-2.7,"45.85°N","76.75°W","Quebec"," "," "
257,"Fort Erie","15 133","15 744","16 194",0.71,"42.91°N","78.93°W","Ontario"," ","Buffalo-Saint Catharines"
258,"Fort Frances","8 275","7 972","7 690",-0.9,"48.62°N","93.42°W","Ontario"," "," "
259,"Fort MacLeod","2 910","2 982","3 034",0.43,"49.73°N","113.40°W","Alberta","Fort Macleod"," "
260,"Fort Nelson","4 188","4 514","4 773",1.4,"58.82°N","122.53°W","British Columbia"," "," "
261,"Fort Qu'Appelle","2 184","2 134","2 088",-0.54,"50.77°N","103.78°W","Saskatchewan"," "," "
262,"Fort Saint James","2 381","1 845","1 627",-3.09,"54.43°N","124.25°W","British Columbia"," "," "
263,"Fort Saint John","16 226","17 692","18 700",1.39,"56.25°N","120.85°W","British Columbia"," "," "
264,"Fortune","1 161","1 018",915,-2.63,"","","Newfoundland and Labrador"," "," "
265,"Fox Creek","2 337","2 278","2 229",-0.54,"54.40°N","116.84°W","Alberta"," "," "
266,"Frankford","2 197","2 299","2 375",0.82,"44.20°N","77.60°W","Ontario"," "," "
267,"Fraser Lake","1 268","1 113","1 026",-2.01,"59.72°N","135.05°W","British Columbia","Fraser"," "
268,"Fredericton","54 068","56 245","57 795",0.68,"45.96°N","66.66°W","New Brunswick"," ","Fredericton"
269,"Fruitvale","3 773","3 627","3 508",-0.83,"49.12°N","117.55°W","British Columbia"," "," "
270,"Gambo","1 768","1 745","1 721",-0.35,"48.78°N","54.22°W","Newfoundland and Labrador"," "," "
271,"Gananoque","5 167","5 285","5 364",0.37,"44.33°N","76.17°W","Ontario"," "," "
272,"Gander","9 391","9 410","9 267",-0.38,"48.95°N","54.65°W","Newfoundland and Labrador"," "," "
273,"Gaspé","2 921","3 187","3 401",1.64,"48.82°N","64.51°W","Quebec"," "," "
274,"Gentilly","2 079","2 027","1 982",-0.56,"46.35°N","72.45°W","Quebec"," ","Trois-Rivières"
275,"Georgetown","31 510","36 690","41 202",2.94,"43.66°N","79.93°W","Ontario","Halton Hills","Toronto"
276,"Geraldton","2 224","2 012","1 898",-1.45,"49.72°N","86.97°W","Ontario"," "," "
277,"Gibbons","2 654","2 642","2 628",-0.13,"53.84°N","113.33°W","Alberta"," "," "
278,"Gibsons","7 435","8 018","8 482",1.42,"49.40°N","123.50°W","British Columbia"," "," "
279,"Gimli","1 940","1 891","1 848",-0.57,"50.63°N","97.00°W","Manitoba"," "," "
280,"Glencoe","2 152","2 095","2 046",-0.59,"42.75°N","81.70°W","Ontario"," "," "
281,"Goderich","7 604","7 563","7 511",-0.17,"43.73°N","81.70°W","Ontario"," "," "
282,"Golden","4 020","3 811","3 646",-1.1,"51.30°N","116.97°W","British Columbia"," "," "
283,"Golden","1 207","1 392","1 552",2.76,"45.58°N","77.25°W","Ontario","Golden Lake"," "
284,"Gold River","1 359","1 362","1 361",-0.02,"49.78°N","126.05°W","British Columbia"," "," "
285,"Goulds","4 444","4 587","4 684",0.52,"47.40°N","52.79°W","Newfoundland and Labrador"," "," "
286,"Granby","53 126","56 984","60 009",1.3,"45.41°N","72.73°W","Quebec"," ","Granby"
287,"Grand Bank","2 807","2 518","2 289",-2.36,"47.10°N","55.76°W","Newfoundland and Labrador"," "," "
288,"Grand Bend","1 949","2 026","2 083",0.7,"43.32°N","81.75°W","Ontario"," "," "
289,"Grand Centre","11 327","11 855","12 262",0.85,"54.42°N","110.22°W","Alberta"," "," "
290,"Grande Cache","3 828","3 690","3 580",-0.75,"53.88°N","119.12°W","Alberta"," "," "
291,"Grande Prairie","36 735","46 850","55 664",4.4,"55.18°N","118.80°W","Alberta"," "," "
292,"Grande-Rivière","1 345","1 239","1 159",-1.65,"48.38°N","64.50°W","Quebec"," "," "
293,"Grand Falls","5 863","5 650","5 470",-0.81,"47.05°N","67.73°W","New Brunswick","Grand-Sault"," "
294,"Grand Falls-Windsor","12 445","12 471","12 294",-0.36,"48.93°N","55.66°W","Newfoundland and Labrador"," "," "
295,"Grand Forks","4 199","4 158","4 116",-0.25,"49.05°N","118.47°W","British Columbia"," "," "
296,"Grand Valley","1 757","1 414","1 280",-2.46,"43.90°N","80.32°W","Ontario"," "," "
297,"Gravelbourg","1 187","1 089","1 014",-1.77,"49.88°N","106.55°W","Saskatchewan"," "," "
298,"Gravenhurst","5 528","5 606","5 652",0.2,"44.92°N","79.37°W","Ontario"," "," "
299,"Grimshaw","2 435","2 537","2 615",0.76,"56.18°N","117.60°W","Alberta"," "," "
300,"Guelph","106 920","115 635","122 878",1.53,"43.56°N","80.26°W","Ontario"," ","Guelph"
301,"Hagersville","2 484","2 527","2 554",0.27,"42.95°N","80.05°W","Ontario"," "," "
302,"Haileybury","10 436","10 402","10 348",-0.13,"47.43°N","79.63°W","Ontario"," "," "
303,"Halifax","276 412","282 924","287 082",0.37,"44.67°N","63.61°W","Nova Scotia"," ","Halifax"
304,"Hamilton","620 232","647 634","667 977",0.78,"43.26°N","79.85°W","Ontario"," ","Toronto"
305,"Hammonds Plains Road","1 503","1 687","1 840",2.19,"44.79°N","63.71°W","Nova Scotia"," ","Halifax"
306,"Hampton","2 724","2 756","2 771",0.14,"45.53°N","65.83°W","New Brunswick"," "," "
307,"Hanna","2 986","2 847","2 738",-0.97,"51.63°N","111.92°W","Alberta"," "," "
308,"Hanover","6 869","7 147","7 352",0.71,"44.15°N","81.03°W","Ontario"," "," "
309,"Hantsport","1 396","1 397","1 393",-0.07,"45.07°N","64.18°W","Nova Scotia"," "," "
310,"Happy Valley-Goose Bay","6 758","6 583","6 425",-0.61,"53.34°N","60.40°W","Newfoundland and Labrador","Goose Bay-Happy Valley"," "
311,"Harbour Breton","2 079","1 877","1 727",-2.06,"47.48°N","55.83°W","Newfoundland and Labrador"," "," "
312,"Harrison Hot Springs","1 343","1 573","1 775",3.07,"","","British Columbia"," "," "
313,"Harriston","2 034","2 108","2 162",0.63,"43.92°N","80.88°W","Ontario"," "," "
314,"Harrow","2 935","2 913","2 888",-0.22,"42.03°N","82.92°W","Ontario"," ","Detroit-Windsor"
315,"Hastings","1 208","1 195","1 182",-0.27,"44.30°N","77.95°W","Ontario"," "," "
316,"Hauterive","12 609","12 160","11 786",-0.78,"49.18°N","68.27°W","Quebec"," "," "
317,"Havelock","1 328","1 298","1 272",-0.5,"44.44°N","77.88°W","Ontario"," "," "
318,"Havre-Saint-Pierre","3 291","2 864","2 620",-2.2,"50.25°N","63.58°W","Quebec"," "," "
319,"Hawkesbury","11 634","12 267","12 750",0.97,"45.62°N","74.60°W","Ontario"," "," "
320,"Hayes","1 000","1 053","1 093",0.94,"","","Nova Scotia","Hayes Subdivision"," "
321,"Hay River","2 892","2 874","2 854",-0.17,"60.86°N","115.75°W","Northwest Territories"," "," "
322,"Hearst","4 493","4 366","4 258",-0.62,"49.70°N","83.67°W","Ontario"," "," "
323,"Hébertville","1 194","1 080",996,-2,"48.40°N","71.68°W","Quebec"," "," "
324,"Hensall","1 194","1 128","1 076",-1.17,"43.43°N","81.50°W","Ontario"," "," "
325,"High Level","3 444","3 887","4 264",2.34,"58.52°N","117.13°W","Alberta"," "," "
326,"High Prairie","2 737","2 750","2 755",0.05,"55.43°N","116.48°W","Alberta"," "," "
327,"High River","9 383","10 767","11 965",2.67,"50.58°N","113.87°W","Alberta"," "," "
328,"Hillsburgh","1 198","1 156","1 121",-0.77,"43.81°N","80.15°W","Ontario"," "," "
329,"Hinton","9 405","9 738","9 988",0.64,"53.40°N","117.58°W","Alberta"," "," "
330,"Hope","4 588","4 455","4 343",-0.63,"49.38°N","121.43°W","British Columbia"," "," "
331,"Houston","2 728","2 304","2 070",-2.64,"54.40°N","126.65°W","British Columbia"," "," "
332,"Hudson Bay","1 778","1 626","1 511",-1.82,"52.85°N","102.38°W","Saskatchewan"," "," "
333,"Humber Arm South","1 263","1 305","1 334",0.55,"49.07°N","58.18°W","Newfoundland and Labrador"," "," "
334,"Humboldt","5 161","4 998","4 856",-0.72,"52.20°N","105.12°W","Saskatchewan"," "," "
335,"Huntingdon","2 819","2 726","2 648",-0.72,"45.08°N","74.18°W","Quebec"," "," "
336,"Huntsville","7 124","6 854","6 633",-0.82,"45.32°N","79.22°W","Ontario"," "," "
337,"Indian Head","1 758","1 634","1 538",-1.5,"50.53°N","103.67°W","Saskatchewan"," "," "
338,"Ingersoll","10 977","11 760","12 406",1.35,"43.03°N","80.88°W","Ontario"," "," "
339,"Innisfil","6 969","7 316","7 578",0.88,"44.26°N","79.64°W","Ontario","Innisfail"," "
340,"Inuvik","2 884","3 479","4 019",3.67,"68.37°N","133.73°W","Northwest Territories","Inuuvik"," "
341,"Invermere","2 858","3 002","3 111",0.9,"50.50°N","116.03°W","British Columbia"," "," "
342,"Inverness","1 702","1 464","1 319",-2.57,"46.24°N","61.31°W","Nova Scotia"," "," "
343,"Iqaluit","5 236","6 184","7 056",3.35,"63.74°N","68.55°W","Nunavut","Frobisher Bay"," "
344,"Iroquois","1 228","1 190","1 158",-0.68,"44.85°N","75.32°W","Ontario"," "," "
345,"Iroquois Falls","4 007","3 656","3 469",-1.3,"48.77°N","80.69°W","Ontario"," "," "
346,"Irricana","1 043","1 243","1 423",3.44,"51.32°N","113.62°W","Alberta"," "," "
347,"Jarvis","2 180","2 417","2 612",1.96,"42.99°N","79.70°W","Ontario"," "," "
348,"Jasper","3 716","3 673","3 634",-0.27,"52.88°N","118.08°W","Alberta"," "," "
349,"Joliette","36 231","38 564","40 368",1.15,"46.03°N","73.45°W","Quebec"," "," "
350,"Kamloops","67 952","70 117","71 494",0.49,"50.68°N","120.34°W","British Columbia"," ","Kamloops"
351,"Kamsack","2 009","1 713","1 507",-3.15,"51.57°N","101.90°W","Saskatchewan"," "," "
352,"Kanata","70 904","85 112","100 562",4.26,"45.34°N","75.88°W","Ontario"," ","Ottawa"
353,"Kangerdlinerk","2 177","2 358","2 516",1.63,"62.82°N","92.12°W","Nunavut","Rankin Inlet"," "
354,"Kapuskasing","8 664","7 915","7 517",-1.28,"49.43°N","82.42°W","Ontario"," "," "
355,"Kedgwick","1 184","1 151","1 122",-0.64,"47.63°N","67.33°W","New Brunswick"," "," "
356,"Kelowna","116 673","126 384","137 447",2.12,"49.89°N","119.46°W","British Columbia"," ","Kelowna"
357,"Kemptville","3 657","3 539","3 440",-0.71,"45.02°N","75.63°W","Ontario"," "," "
358,"Kenora","11 816","11 306","11 201",-0.23,"49.78°N","94.49°W","Ontario"," "," "
359,"Kensington","1 385","1 485","1 563",1.29,"46.43°N","63.65°W","Prince Edward Island"," "," "
360,"Kent","2 522","2 908","3 241",2.75,"49.24°N","121.81°W","British Columbia"," "," "
361,"Kentville","13 121","13 552","13 851",0.55,"45.08°N","64.51°W","Nova Scotia"," "," "
362,"Killam","1 004","1 019","1 029",0.24,"52.78°N","111.85°W","Alberta"," "," "
363,"Killarney","2 269","2 273","2 269",-0.04,"49.18°N","99.67°W","Manitoba"," "," "
364,"Kimberley","6 484","6 139","5 868",-1.12,"49.68°N","115.98°W","British Columbia"," "," "
365,"Kincardine","6 410","6 449","6 462",0.05,"44.17°N","81.63°W","Ontario"," "," "
366,"Kindersley","4 548","4 412","4 292",-0.69,"51.47°N","109.13°W","Saskatchewan"," "," "
367,"Kingsey Falls","1 456","1 507","1 543",0.59,"45.85°N","72.08°W","Quebec"," "," "
368,"Kingston","108 664","109 431","109 734",0.07,"44.23°N","76.50°W","Ontario"," ","Kingston"
369,"Kingston-Greenwood","7 180","6 528","6 040",-1.92,"44.98°N","64.90°W","Nova Scotia","Greenwood, Kingston - Greenwood"," "
370,"Kirkland Lake","7 574","7 448","7 177",-0.92,"48.17°N","80.03°W","Ontario"," "," "
371,"Kitchener","387 319","422 514","450 917",1.64,"43.46°N","80.50°W","Ontario"," ","Kitchener"
372,"Kitimat","8 800","7 600","6 931",-2.28,"54.01°N","128.70°W","British Columbia"," "," "
373,"Komoka","1 215","1 363","1 487",2.2,"","","Ontario"," "," "
374,"Labelle","1 219","1 145","1 087",-1.29,"46.28°N","74.73°W","Quebec"," "," "
375,"Labrador City","9 638","8 979","8 664",-0.89,"52.94°N","66.92°W","Newfoundland and Labrador"," "," "
376,"Lac-Alouette","2 246","2 270","2 282",0.13,"","","Quebec"," "," "
377,"Lac du Bonnet","1 089","1 009",948,-1.55,"50.27°N","96.05°W","Manitoba"," "," "
378,"Lac-Etchemin","2 276","2 381","2 459",0.81,"46.40°N","70.50°W","Quebec"," "," "
379,"Lachute","10 300","10 433","10 305",-0.31,"45.65°N","74.35°W","Quebec"," "," "
380,"Lac la Biche","2 776","2 758","2 739",-0.17,"54.77°N","111.96°W","Alberta"," "," "
381,"Lac-Lapierre","2 224","2 367","2 478",1.15,"45.82°N","73.77°W","Quebec"," ","Montréal"
382,"Lac-Mégantic","4 726","4 644","4 568",-0.41,"45.58°N","70.88°W","Quebec"," "," "
383,"Lacolle","1 503","1 546","1 576",0.48,"45.08°N","73.37°W","Quebec"," "," "
384,"Lacombe","9 547","10 886","12 038",2.55,"52.47°N","113.73°W","Alberta"," "," "
385,"La Crète","1 607","1 455","1 385",-1.23,"59.13°N","117.55°W","Alberta"," "," "
386,"Ladysmith","7 720","8 467","9 221",2.16,"48.99°N","123.82°W","British Columbia"," "," "
387,"Lake Cowichan","2 857","3 052","3 205",1.23,"48.82°N","124.03°W","British Columbia"," "," "
388,"Lake Echo","3 665","3 527","3 411",-0.83,"44.82°N","63.44°W","Nova Scotia"," "," "
389,"Lakefield","2 734","2 739","2 736",-0.03,"44.43°N","78.27°W","Ontario"," ","Kawartha Lakes"
390,"La Malbaie","4 753","4 528","4 347",-1.01,"47.65°N","70.17°W","Quebec"," "," "
391,"Lamont","1 692","1 664","1 640",-0.36,"53.75°N","112.78°W","Alberta"," "," "
392,"Langdon","1 599","2 380","3 181",7.52,"","","Alberta"," "," "
393,"Langenburg","1 107","1 048","1 000",-1.17,"50.83°N","101.70°W","Saskatchewan"," "," "
394,"Langham","1 145","1 120","1 097",-0.52,"52.37°N","106.97°W","Saskatchewan"," "," "
395,"Lanigan","1 289","1 233","1 187",-0.95,"51.85°N","105.03°W","Saskatchewan"," "," "
396,"L'Annonciation","1 984","1 636","1 443",-3.09,"46.40°N","74.87°W","Quebec"," "," "
397,"Lantz","2 113","1 626","1 400",-3.67,"45.12°N","63.71°W","Nova Scotia"," "," "
398,"La Pocatière","4 152","4 218","4 258",0.24,"47.40°N","70.01°W","Quebec"," "," "
399,"La Ronge","5 423","5 962","6 395",1.77,"55.10°N","105.30°W","Saskatchewan"," "," "
400,"La Sarre","6 498","6 368","6 250",-0.47,"48.80°N","79.20°W","Quebec"," "," "
401,"L'Ascension-de-Notre-Seigneur","1 687","1 119","1 010",-2.53,"48.68°N","71.67°W","Quebec"," "," "
402,"La Tuque","10 524","9 716","9 028",-1.82,"47.44°N","72.78°W","Quebec"," "," "
403,"Laurentides","4 787","5 908","6 941",4.11,"45.85°N","73.77°W","Quebec"," ","Montréal"
404,"Laurier-Station","2 376","2 403","2 417",0.15,"46.54°N","71.63°W","Quebec"," "," "
405,"Lavaltrie","8 618","9 465","10 593",2.85,"45.89°N","73.29°W","Quebec"," ","Montréal"
406,"Leamington","29 073","31 113","32 714",1.26,"42.06°N","82.60°W","Ontario"," "," "
407,"Lebel-sur-Quévillon","3 146","2 724","2 483",-2.29,"49.07°N","76.99°W","Quebec"," "," "
408,"Le Bic","1 260","1 238","1 218",-0.41,"48.37°N","68.72°W","Quebec"," "," "
409,"Leduc","15 032","16 967","18 359",1.99,"53.26°N","113.56°W","Alberta"," ","Edmonton"
410,"L'Épiphanie","5 839","6 436","6 923",1.84,"45.85°N","73.48°W","Quebec"," ","Montréal"
411,"Les Cèdres","1 584","1 875","2 132",3.26,"45.32°N","74.06°W","Quebec"," ","Montréal"
412,"Les Coteaux","10 680","13 104","15 325",3.99,"45.30°N","74.22°W","Quebec"," "," "
413,"Les Escoumins","1 797","1 598","1 483",-1.85,"48.35°N","69.42°W","Quebec"," "," "
414,"Lethbridge","67 532","74 822","80 227",1.76,"49.69°N","112.83°W","Alberta"," "," "
415,"Lewisporte","2 909","2 846","2 787",-0.52,"49.23°N","55.07°W","Newfoundland and Labrador"," "," "
416,"Lillooet","2 358","2 111","1 973",-1.68,"50.68°N","121.93°W","British Columbia"," "," "
417,"Lindsay","17 757","19 361","20 394",1.31,"44.35°N","78.74°W","Ontario"," ","Kawartha Lakes"
418,"Linière","1 283","1 252","1 225",-0.54,"46.05°N","70.52°W","Quebec"," "," "
419,"Lions Bay","1 379","1 328","1 286",-0.8,"49.46°N","123.24°W","British Columbia"," "," "
420,"Listowel","5 905","6 303","6 614",1.21,"43.73°N","80.97°W","Ontario"," "," "
421,"Little Current","1 564","1 362","1 252",-2.08,"45.97°N","81.93°W","Ontario"," "," "
422,"Lively","6 704","6 689","6 659",-0.11,"46.43°N","81.15°W","Ontario"," "," "
423,"Liverpool","2 888","2 759","2 653",-0.97,"44.03°N","64.72°W","Nova Scotia"," "," "
424,"Lloydminster","20 988","24 028","26 463",2.44,"53.28°N","110.01°W","Alberta"," "," "
425,"Logan Lake","2 088","2 072","2 054",-0.22,"50.49°N","120.83°W","British Columbia"," "," "
426,"London","337 866","353 069","363 448",0.73,"42.97°N","81.24°W","Ontario"," "," "
427,"Longlac","1 748","1 364","1 213",-2.89,"49.78°N","86.55°W","Ontario"," "," "
428,"Lorette","1 326","1 447","1 544",1.64,"","","Manitoba"," "," "
429,"L'Orignal","2 438","2 555","2 643",0.85,"","","Ontario"," "," "
430,"Louiseville","5 725","5 583","5 459",-0.56,"46.25°N","72.93°W","Quebec"," "," "
431,"Lucan","2 010","1 997","1 982",-0.19,"43.18°N","81.40°W","Ontario"," "," "
432,"Luceville","1 351","1 378","1 395",0.31,"48.52°N","68.33°W","Quebec"," "," "
433,"Lucknow","1 126","1 162","1 188",0.55,"43.95°N","81.52°W","Ontario"," "," "
434,"Lumby","1 618","1 634","1 642",0.12,"50.25°N","118.97°W","British Columbia"," "," "
435,"Lumsden","1 596","1 523","1 463",-1,"50.65°N","104.87°W","Saskatchewan"," "," "
436,"Lunenburg","2 568","2 317","2 131",-2.07,"44.37°N","64.32°W","Nova Scotia"," "," "
437,"MacAdam","1 513","1 404","1 320",-1.53,"45.58°N","67.33°W","New Brunswick","McAdam"," "
438,"Macamic","1 534","1 500","1 470",-0.5,"48.77°N","79.00°W","Quebec"," "," "
439,"MacEwen","1 722","1 609","1 521",-1.4,"46.16°N","64.99°W","New Brunswick","McEwen"," "
440,"Mackenzie","4 956","4 316","3 959",-2.14,"55.32°N","123.08°W","British Columbia"," "," "
441,"Macklin","1 330","1 290","1 255",-0.69,"52.33°N","109.95°W","Saskatchewan"," "," "
442,"Madoc","1 375","1 435","1 480",0.77,"44.52°N","77.48°W","Ontario"," "," "
443,"Magog","17 927","18 887","19 973",1.41,"45.26°N","72.14°W","Quebec"," "," "
444,"Magrath","1 993","2 081","2 149",0.81,"49.42°N","112.88°W","Alberta"," "," "
445,"Malartic","3 650","3 457","3 304",-1.13,"48.13°N","78.12°W","Quebec"," "," "
446,"Manitouwadge","2 949","2 290","2 032",-2.94,"49.13°N","85.80°W","Ontario"," "," "
447,"Maniwaki","3 793","4 177","4 490",1.82,"46.37°N","75.97°W","Quebec"," "," "
448,"Manning","1 293","1 493","1 667",2.79,"56.93°N","117.61°W","Alberta"," "," "
449,"Maple Creek","2 270","2 198","2 135",-0.72,"49.92°N","109.47°W","Saskatchewan"," "," "
450,"Marathon","4 381","3 843","3 550",-1.96,"48.75°N","86.37°W","Ontario"," "," "
451,"Marieville","5 509","5 480","5 442",-0.17,"45.43°N","73.17°W","Quebec"," ","Montréal"
452,"Markdale","1 433","1 409","1 387",-0.39,"44.32°N","80.65°W","Ontario"," "," "
453,"Marmora","1 589","1 482","1 400",-1.41,"44.48°N","77.68°W","Ontario"," "," "
454,"Martensville","4 365","4 968","5 475",2.46,"52.29°N","106.68°W","Saskatchewan"," "," "
455,"Marystown","4 268","3 825","3 498",-2.21,"47.17°N","55.19°W","Newfoundland and Labrador"," "," "
456,"Maskinongé","1 087","1 111","1 127",0.36,"46.22°N","73.02°W","Quebec"," "," "
457,"Matagami","1 934","1 550","1 387",-2.74,"49.75°N","77.63°W","Quebec"," "," "
458,"Matane","11 635","11 420","11 222",-0.44,"48.85°N","67.53°W","Quebec"," "," "
459,"Mattawa","2 286","2 013","1 865",-1.89,"46.32°N","78.70°W","Ontario"," "," "
460,"Mayerthorpe","1 570","1 474","1 438",-0.62,"53.95°N","115.14°W","Alberta"," "," "
461,"Mayo"," "," ",682,,"63.60°N","135.89°W","Yukon","Mayo-Elsa, Mayo-Else"," "
462,"Meadow Lake","4 582","4 771","4 905",0.69,"54.13°N","108.43°W","Saskatchewan"," "," "
463,"Meaford","4 559","4 686","4 775",0.47,"44.60°N","80.58°W","Ontario"," "," "
464,"Medicine Hat","55 724","62 183","67 934",2.24,"50.04°N","110.69°W","Alberta"," ","Medicine Hat"
465,"Melfort","5 559","5 192","4 932",-1.28,"52.86°N","104.61°W","Saskatchewan"," "," "
466,"Melita","1 121","1 051",996,-1.33,"49.27°N","100.98°W","Manitoba"," "," "
467,"Melville","4 453","4 149","3 921",-1.4,"50.94°N","102.81°W","Saskatchewan"," "," "
468,"Merritt","7 157","7 148","7 122",-0.09,"50.12°N","120.78°W","British Columbia"," "," "
469,"Métabetchouan","2 291","2 164","2 064",-1.18,"48.43°N","71.87°W","Quebec"," "," "
470,"Metcalfe","1 758","1 723","1 692",-0.45,"42.90°N","81.69°W","Ontario"," "," "
471,"Middleton","1 744","1 829","1 892",0.85,"44.95°N","65.07°W","Nova Scotia"," "," "
472,"Midland","29 824","31 287","32 390",0.87,"44.75°N","79.89°W","Ontario"," "," "
473,"Mildmay","1 191","1 216","1 233",0.35,"44.03°N","81.12°W","Ontario"," "," "
474,"Mill Bay","1 457","1 343","1 257",-1.64,"","","British Columbia"," "," "
475,"Millbrook","1 467","1 652","1 807",2.27,"44.15°N","78.45°W","Ontario"," "," "
476,"Millet","2 037","2 068","2 089",0.25,"53.08°N","113.47°W","Alberta"," "," "
477,"Milton","22 436","45 089","65 122",9.63,"43.51°N","79.89°W","Ontario"," ","Toronto"
478,"Milverton","1 707","1 446","1 305",-2.53,"43.57°N","80.93°W","Ontario"," "," "
479,"Minnedosa","2 426","2 474","2 505",0.31,"50.25°N","99.83°W","Manitoba"," "," "
480,"Mississauga Beach","4 082","3 862","3 689",-1.14,"43.25°N","79.08°W","Ontario"," ","Buffalo-Saint Catharines"
481,"Mistissini","1 814","1 645","1 520",-1.96,"48.90°N","72.20°W","Quebec","Mistassini"," "
482,"Mitchell","4 181","4 220","4 239",0.11,"43.47°N","81.18°W","Ontario"," "," "
483,"Moncton","90 431","97 065","102 163",1.29,"46.09°N","64.78°W","New Brunswick"," ","Moncton"
484,"Montague","1 950","1 812","1 705",-1.51,"46.17°N","62.65°W","Prince Edward Island"," "," "
485,"Mont-Joli","6 025","5 984","5 935",-0.21,"48.58°N","68.18°W","Quebec"," "," "
486,"Mont-Laurier","6 055","6 068","6 060",-0.03,"","","Quebec"," "," "
487,"Montmagny","9 872","9 347","8 931",-1.13,"46.97°N","70.55°W","Quebec"," "," "
488,"Montreal","3 161 967","3 316 615","3 430 917",0.85,"45.52°N","73.57°W","Quebec","Montréal","Montréal"
489,"Moose Jaw","32 631","32 526","32 243",-0.22,"50.39°N","105.54°W","Saskatchewan"," "," "
490,"Moosomin","2 361","2 257","2 171",-0.97,"50.15°N","101.67°W","Saskatchewan"," "," "
491,"Moosonee",539,"1 214","1 712",8.97,"","","Ontario"," "," "
492,"Morden","6 159","6 571","6 890",1.19,"49.18°N","98.10°W","Manitoba"," "," "
493,"Morinville","7 726","8 007","8 219",0.66,"53.80°N","113.65°W","Alberta"," "," "
494,"Morris","1 673","1 643","1 615",-0.43,"49.35°N","97.37°W","Manitoba"," "," "
495,"Morrisburg","2 837","2 725","2 634",-0.85,"44.90°N","75.18°W","Ontario"," "," "
496,"Mount Albert","2 615","2 539","2 475",-0.64,"44.13°N","79.32°W","Ontario"," "," "
497,"Mount Brydges","2 221","2 340","2 431",0.96,"42.37°N","81.48°W","Ontario"," "," "
498,"Mount Forest","4 584","4 490","4 406",-0.47,"43.97°N","80.73°W","Ontario"," "," "
499,"Munster","1 390","1 321","1 266",-1.06,"","","Ontario"," "," "
500,"Musgrave Harbour","1 233","1 018",888,-3.36,"48.42°N","53.88°W","Newfoundland and Labrador"," "," "
501,"Nakusp","1 698","1 524","1 427",-1.63,"50.23°N","117.80°W","British Columbia"," "," "
502,"Nanaimo","77 842","83 751","89 158",1.58,"49.21°N","123.97°W","British Columbia"," ","Nanaimo"
503,"Nanton","1 841","2 055","2 235",2.12,"50.35°N","113.77°W","Alberta"," "," "
504,"Napanee","7 341","7 060","6 830",-0.82,"44.25°N","76.95°W","Ontario"," "," "
505,"Napierville","3 164","3 496","3 768",1.89,"45.18°N","73.40°W","Quebec"," "," "
506,"Neepawa","3 026","2 980","2 936",-0.37,"50.23°N","99.45°W","Manitoba"," "," "
507,"Nelson","9 735","9 529","9 409",-0.32,"49.49°N","117.30°W","British Columbia"," "," "
508,"New Glasgow","21 102","20 876","20 631",-0.29,"45.59°N","62.65°W","Nova Scotia"," "," "
509,"New Hamburg","7 003","8 424","9 703",3.6,"43.48°N","80.72°W","Ontario"," "," "
510,"New Richmond","2 177","2 018","1 897",-1.53,"48.17°N","65.83°W","Quebec"," "," "
511,"New Waterford","10 185","9 661","9 435",-0.59,"46.26°N","60.11°W","Nova Scotia"," ","Cape Breton"
512,"Nicolet","5 172","5 180","5 171",-0.04,"46.22°N","72.60°W","Quebec"," "," "
513,"Nipawin","4 275","4 153","4 045",-0.66,"53.37°N","104.02°W","Saskatchewan"," "," "
514,"Niverville","1 921","2 464","2 983",4.89,"49.62°N","97.06°W","Manitoba"," "," "
515,"Nobleton","3 472","3 513","3 536",0.16,"43.90°N","79.66°W","Ontario"," ","Toronto"
516,"Normandin","2 053","2 098","2 128",0.36,"48.83°N","72.52°W","Quebec"," "," "
517,"North Battleford","17 127","16 491","16 407",-0.13,"52.79°N","108.29°W","Saskatchewan"," "," "
518,"North Bay","51 900","53 100","53 281",0.09,"46.30°N","79.45°W","Ontario"," ","North Bay"
519,"Norwich","2 510","2 478","2 447",-0.31,"42.98°N","80.60°W","Ontario"," "," "
520,"Norwood","1 336","1 309","1 285",-0.46,"44.38°N","77.98°W","Ontario"," "," "
521,"Notre-Dame-du-Bon-Conseil","1 453","1 426","1 401",-0.44,"46.00°N","72.34°W","Quebec"," "," "
522,"Notre-Dame-du-Lac","1 520","1 394","1 299",-1.75,"47.60°N","68.80°W","Quebec"," "," "
523,"Notre-Dame-du-Mont-Carmel","1 070","1 075","1 076",0.02,"","","Quebec"," "," "
524,"Oakbank","1 984","2 075","2 142",0.8,"","","Manitoba"," "," "
525,"Oka-Kanesatake","1 185","1 122","1 072",-1.13,"45.47°N","74.08°W","Quebec","Oka","Montréal"
526,"Okotoks","11 689","17 145","22 773",7.35,"50.72°N","113.96°W","Alberta"," "," "
527,"Olds","6 607","7 248","7 777",1.78,"51.78°N","114.10°W","Alberta"," "," "
528,"Oliver","4 626","4 729","4 798",0.36,"49.18°N","119.55°W","British Columbia"," "," "
529,"Omemee","1 319","1 323","1 323",0,"44.30°N","78.55°W","Ontario"," ","Kawartha Lakes"
530,"Onaping-Levack","2 169","2 041","1 941",-1.25,"46.63°N","81.38°W","Ontario","Levack, Onaping - Levack"," "
531,"One Hundred Mile House","1 672","1 683","1 687",0.06,"51.65°N","121.28°W","British Columbia"," "," "
532,"Orangeville","27 284","29 110","31 267",1.8,"43.92°N","80.10°W","Ontario"," "," "
533,"Orillia","29 121","30 259","31 097",0.69,"44.60°N","79.42°W","Ontario"," "," "
534,"Ormstown","1 537","1 542","1 541",-0.02,"45.13°N","74.00°W","Quebec"," "," "
535,"Oromocto","9 114","8 706","8 407",-0.87,"45.85°N","66.47°W","New Brunswick"," "," "
536,"Orono","1 666","1 616","1 574",-0.66,"43.99°N","78.62°W","Ontario"," "," "
537,"Osgoode","2 571","2 552","2 530",-0.22,"45.15°N","75.62°W","Ontario"," "," "
538,"Oshawa","242 831","269 734","291 959",2,"43.89°N","78.86°W","Ontario"," ","Toronto"
539,"Osoyoos","4 295","4 752","5 129",1.93,"49.03°N","119.47°W","British Columbia"," "," "
540,"Ottawa","834 799","860 928","879 364",0.53,"45.42°N","75.71°W","Ontario","Ottawa-Hull, Ottawa - Gatineau","Ottawa"
541,"Outlook","2 129","1 938","1 794",-1.91,"51.50°N","107.05°W","Saskatchewan"," "," "
542,"Owen Sound","22 324","22 649","22 856",0.23,"44.57°N","80.94°W","Ontario"," "," "
543,"Oxbow","1 132","1 139","1 140",0.02,"49.22°N","102.17°W","Saskatchewan"," "," "
544,"Oxford","1 332","1 178","1 067",-2.44,"45.73°N","63.87°W","Nova Scotia"," "," "
545,"Paisley","1 033","1 037","1 037",0,"44.30°N","81.28°W","Ontario"," "," "
546,"Palmerston","2 518","2 579","2 621",0.4,"43.83°N","80.85°W","Ontario"," "," "
547,"Pangnirtung","1 276","1 325","1 364",0.73,"66.13°N","65.72°W","Nunavut"," "," "
548,"Papineauville","1 559","1 503","1 456",-0.79,"45.62°N","75.02°W","Quebec"," "," "
549,"Paris","9 881","11 177","12 271",2.36,"43.20°N","80.38°W","Ontario"," "," "
550,"Parkhill","1 752","1 691","1 641",-0.75,"43.17°N","81.68°W","Ontario"," "," "
551,"Parksville","21 314","23 054","24 445",1.48,"49.33°N","124.33°W","British Columbia"," "," "
552,"Parrsboro","1 529","1 401","1 304",-1.78,"45.40°N","64.32°W","Nova Scotia"," "," "
553,"Parry Sound","6 124","5 828","5 592",-1.03,"45.33°N","80.03°W","Ontario"," "," "
554,"Pasadena","2 463","2 505","2 529",0.24,"49.03°N","57.61°W","Newfoundland and Labrador"," "," "
555,"Peace River","5 105","5 063","5 022",-0.2,"56.23°N","117.28°W","Alberta"," "," "
556,"Pemberton","1 825","2 373","2 905",5.19,"50.32°N","122.82°W","British Columbia"," "," "
557,"Pembroke","15 019","15 555","15 922",0.58,"45.83°N","77.12°W","Ontario"," "," "
558,"Penhold","1 729","1 961","2 159",2.43,"52.13°N","113.87°W","Alberta"," "," "
559,"Penticton","34 686","35 846","37 220",0.94,"49.50°N","119.59°W","British Columbia"," "," "
560,"Perth","6 136","6 032","5 936",-0.4,"44.88°N","76.23°W","Ontario"," "," "
561,"Perth-Andover","1 908","1 797","1 709",-1.25,"46.73°N","67.70°W","New Brunswick"," "," "
562,"Petawawa","10 656","10 547","10 435",-0.27,"45.90°N","77.28°W","Ontario"," "," "
563,"Peterborough","73 303","76 925","79 478",0.82,"44.30°N","78.34°W","Ontario"," ","Peterborough"
564,"Petrolia","5 163","5 418","5 610",0.87,"42.88°N","82.15°W","Ontario"," "," "
565,"Picton","4 563","4 375","4 222",-0.89,"44.02°N","77.15°W","Ontario"," "," "
566,"Pictou","3 875","3 813","3 753",-0.4,"45.68°N","62.71°W","Nova Scotia"," "," "
567,"Picture Butte","1 701","1 592","1 550",-0.67,"49.88°N","112.80°W","Alberta"," "," "
568,"Pierreville","2 137","2 132","2 122",-0.12,"46.07°N","72.80°W","Quebec"," "," "
569,"Pilot Butte","1 850","1 867","1 873",0.08,"50.47°N","104.42°W","Saskatchewan"," "," "
570,"Pinawa","1 500","1 430","1 374",-0.99,"50.15°N","95.88°W","Manitoba"," "," "
571,"Pincher Creek","3 666","3 625","3 587",-0.26,"49.48°N","113.95°W","Alberta"," "," "
572,"Plaster Rock","1 219","1 150","1 095",-1.22,"46.90°N","67.38°W","New Brunswick"," "," "
573,"Plessisville","7 070","6 975","6 882",-0.34,"46.22°N","71.77°W","Quebec"," "," "
574,"Ponoka","6 355","6 591","6 769",0.67,"52.68°N","113.57°W","Alberta"," "," "
575,"Pont-Rouge","4 898","5 179","5 393",1.02,"46.75°N","71.70°W","Quebec"," "," "
576,"Porcupine","7 196","7 031","6 886",-0.52,"48.47°N","81.20°W","Ontario","Soth Porcupine"," "
577,"Portage la Prairie","13 019","12 773","12 547",-0.45,"49.98°N","98.31°W","Manitoba"," "," "
578,"Port Alberni","20 314","20 189","20 224",0.04,"49.27°N","124.82°W","British Columbia"," "," "
579,"Port-Alfred-Bagotville","14 844","14 018","13 367",-1.18,"48.33°N","70.88°W","Quebec"," "," "
580,"Port-Cartier","5 756","5 523","5 332",-0.88,"50.04°N","66.86°W","Quebec"," "," "
581,"Port Dover","5 527","5 949","6 283",1.37,"42.78°N","80.20°W","Ontario"," ","Norfolk"
582,"Port Elgin","6 599","6 865","7 061",0.71,"44.43°N","81.38°W","Ontario"," "," "
583,"Port Hardy","3 772","3 285","3 013",-2.14,"50.72°N","127.50°W","British Columbia"," "," "
584,"Port Hawkesbury","3 701","3 517","3 368",-1.08,"45.60°N","61.35°W","Nova Scotia"," "," "
585,"Port Hope","11 718","12 356","12 720",0.73,"43.96°N","78.30°W","Ontario"," "," "
586,"Port MacNeill","2 821","2 623","2 472",-1.47,"50.58°N","127.10°W","British Columbia","Port McNeill"," "
587,"Portneuf","2 650","2 676","2 689",0.12,"46.68°N","71.88°W","Quebec"," "," "
588,"Port Perry","7 395","8 499","9 448",2.68,"44.10°N","78.93°W","Ontario"," ","Toronto"
589,"Port Stanley","2 444","2 454","2 455",0.01,"42.67°N","81.22°W","Ontario"," "," "
590,"Powassan","1 177","1 267","1 338",1.37,"46.07°N","79.35°W","Ontario"," "," "
591,"Powell River","13 214","12 972","12 693",-0.54,"49.85°N","124.52°W","British Columbia"," "," "
592,"Preeceville","1 074","1 050","1 028",-0.53,"51.95°N","102.67°W","Saskatchewan"," "," "
593,"Prescott","4 228","4 180","4 132",-0.29,"44.72°N","75.52°W","Ontario"," "," "
594,"Price","1 800","1 777","1 754",-0.33,"48.60°N","68.12°W","Quebec"," "," "
595,"Prince Albert","34 752","34 542","34 263",-0.2,"53.20°N","105.75°W","Saskatchewan"," "," "
596,"Prince George","66 871","65 082","63 605",-0.57,"53.91°N","122.77°W","British Columbia"," ","Prince George"
597,"Prince Rupert","13 799","12 128","11 193",-1.99,"54.32°N","130.31°W","British Columbia"," "," "
598,"Princeton","2 694","2 745","2 778",0.3,"49.45°N","120.50°W","British Columbia"," "," "
599,"Princeville","3 976","3 907","3 843",-0.41,"46.17°N","71.88°W","Quebec"," "," "
600,"Provost","1 980","2 072","2 143",0.85,"52.35°N","110.27°W","Alberta"," "," "
601,"Quebec","635 512","659 545","676 875",0.65,"46.82°N","71.23°W","Quebec","Québec","Québec"
602,"Quesnel","13 727","12 641","11 823",-1.66,"52.98°N","122.48°W","British Columbia"," "," "
603,"Rawdon","4 467","4 960","5 366",1.99,"46.03°N","73.70°W","Quebec"," "," "
604,"Raymond","3 200","3 205","3 203",-0.02,"49.47°N","112.67°W","Alberta"," "," "
605,"Red Deer","67 829","82 772","94 930",3.49,"52.27°N","113.83°W","Alberta"," "," "
606,"Red Lake","1 022","1 368","1 713",5.78,"","","Ontario"," "," "
607,"Redwater","2 172","2 192","2 204",0.14,"46.90°N","79.63°W","Alberta"," "," "
608,"Regina","178 225","179 246","178 809",-0.06,"50.45°N","104.61°W","Saskatchewan"," ","Regina"
609,"Regina Beach","1 446","1 700","1 921",3.1,"","","Saskatchewan"," "," "
610,"Renfrew","8 078","7 953","7 828",-0.4,"45.48°N","76.70°W","Ontario"," "," "
611,"Revelstoke","7 339","6 869","6 507",-1.34,"51.00°N","118.18°W","British Columbia"," "," "
612,"Richibukto","1 341","1 290","1 247",-0.84,"46.68°N","64.87°W","New Brunswick","Richibucto"," "
613,"Richmond","3 287","3 301","3 303",0.02,"45.18°N","75.83°W","Ontario"," ","Ottawa"
614,"Richmond","3 434","3 356","3 287",-0.52,"45.67°N","72.15°W","Quebec"," "," "
615,"Ridgetown","3 358","3 240","3 142",-0.76,"42.43°N","81.88°W","Ontario"," "," "
616,"Rigaud","2 484","2 728","2 926",1.77,"45.47°N","74.30°W","Quebec"," "," "
617,"Rimbey","2 154","2 252","2 327",0.82,"52.63°N","114.22°W","Alberta"," "," "
618,"Rimouski","35 561","35 948","36 560",0.42,"48.44°N","68.54°W","Quebec"," "," "
619,"Rivers","1 119","1 193","1 250",1.17,"50.03°N","100.22°W","Manitoba"," "," "
620,"Rivière-au-Renard","1 870","1 695","1 565",-1.98,"48.98°N","64.38°W","Quebec"," "," "
621,"Rivière-du-Loup","15 035","16 129","16 853",1.1,"47.84°N","69.54°W","Quebec"," "," "
622,"Roberts Creek","1 388","1 336","1 293",-0.81,"","","British Columbia"," "," "
623,"Roberval","9 012","8 692","8 426",-0.77,"48.52°N","72.24°W","Quebec"," "," "
624,"Roblin","1 818","1 672","1 562",-1.69,"51.23°N","101.35°W","Manitoba"," "," "
625,"Rockland","8 542","9 210","9 741",1.41,"45.53°N","75.28°W","Ontario"," "," "
626,"Rockwood","2 823","2 996","3 130",1.1,"43.62°N","80.13°W","Ontario"," "," "
627,"Rocky Mountain House","6 208","6 874","7 429",1.96,"52.37°N","114.92°W","Alberta"," "," "
628,"Rodney","1 102","1 091","1 080",-0.25,"42.57°N","81.68°W","Ontario"," "," "
629,"Rogersville","1 248","1 165","1 100",-1.43,"46.72°N","79.45°W","New Brunswick"," "," "
630,"Rosetown","2 471","2 277","2 128",-1.68,"51.55°N","107.98°W","Saskatchewan"," "," "
631,"Rossland","3 603","3 207","2 985",-1.78,"49.08°N","117.82°W","British Columbia"," "," "
632,"Rosthern","1 504","1 382","1 289",-1.73,"","","Saskatchewan"," "," "
633,"Rougemont","1 164","1 213","1 249",0.73,"45.43°N","73.05°W","Quebec"," "," "
634,"Rouyn-Noranda","23 658","23 792","23 827",0.04,"48.24°N","79.03°W","Quebec"," "," "
635,"Roxton Falls","1 354","1 377","1 391",0.25,"","","Quebec"," "," "
636,"Roxton Pond","1 886","1 983","2 056",0.91,"","","Quebec"," "," "
637,"Russell","3 507","3 530","3 539",0.06,"","","Ontario"," "," "
638,"Russell","1 587","1 428","1 311",-2.11,"","","Manitoba"," "," "
639,"Sackville","2 987","2 935","2 885",-0.43,"45.88°N","64.35°W","New Brunswick"," "," "
640,"Saint Adolphe","1 140","1 048",978,-1.71,"49.69°N","97.12°W","Manitoba"," ","Winnipeg"
641,"Saint-Agapit","2 005","1 981","1 957",-0.3,"46.57°N","71.43°W","Quebec"," "," "
642,"Saint-Alexandre","1 121","1 085","1 055",-0.7,"47.68°N","69.63°W","Quebec"," "," "
643,"Saint-Alexis-des-Monts","1 982","1 969","1 953",-0.2,"46.46°N","73.16°W","Quebec"," "," "
644,"Saint-Ambroise","2 174","2 131","2 092",-0.46,"48.55°N","71.32°W","Quebec"," "," "
645,"Saint-André-Avellin","1 838","1 865","1 881",0.21,"45.72°N","75.05°W","Quebec"," "," "
646,"Saint Andrews","1 869","1 798","1 738",-0.84,"45.07°N","67.03°W","New Brunswick"," "," "
647,"Saint-Anselme","1 831","1 866","1 888",0.29,"46.62°N","70.97°W","Quebec"," "," "
648,"Saint Anthony","2 730","2 442","2 230",-2.24,"51.38°N","55.60°W","Newfoundland and Labrador"," "," "
649,"Saint-Apollinaire","1 531","1 539","1 541",0.03,"46.62°N","71.50°W","Quebec"," "," "
650,"Saint-Augustin","4 268","5 355","6 373",4.45,"51.23°N","58.65°W","Quebec"," "," "
651,"Saint-Basile-Sud","1 255","1 259","1 258",-0.02,"46.75°N","71.82°W","Quebec"," "," "
652,"Saint-Bruno","2 876","2 696","2 556",-1.32,"47.47°N","79.43°W","Quebec","Saint-Bruno-de-Guigues"," "
653,"Saint-Canut","3 430","4 368","5 259",4.75,"45.72°N","74.07°W","Quebec"," ","Montréal"
654,"Saint Catharines-Niagara","299 950","308 596","314 644",0.49,"43.18°N","79.24°W","Ontario","Saint Catherines, Niagara, Saint Catharines - Niagara","Buffalo-Saint Catharines"
655,"Saint-Césaire","3 119","3 346","3 524",1.3,"45.40°N","73.00°W","Quebec"," "," "
656,"Saint-Cyrill-de-Wendover","1 258","1 242","1 226",-0.32,"45.93°N","72.43°W","Quebec","Saint-Cyrille-de-Wendover","Drummondville"
657,"Saint-Damase","1 327","1 329","1 327",-0.04,"45.53°N","73.01°W","Quebec"," "," "
658,"Saint-Damien-de-Buckland","1 880","1 493","1 329",-2.87,"46.64°N","70.67°W","Quebec"," "," "
659,"Saint-Denis","1 402","1 453","1 490",0.63,"45.78°N","73.15°W","Quebec"," ","Montréal"
660,"Saint-Donat-de-Montcalm","1 468","1 622","1 748",1.89,"46.32°N","74.22°W","Quebec"," "," "
661,"Sainte-Adèle","5 244","5 022","4 841",-0.91,"45.95°N","74.15°W","Quebec"," "," "
662,"Sainte-Agathe-des-Monts","5 614","6 207","6 693",1.9,"46.03°N","74.28°W","Quebec"," "," "
663,"Sainte Anne","1 513","1 534","1 546",0.19,"49.67°N","96.67°W","Manitoba"," "," "
664,"Sainte-Anne-de-Madawaska","1 168","1 073","1 001",-1.72,"47.25°N","68.03°W","New Brunswick"," "," "
665,"Sainte-Anne-des-Monts","4 372","4 501","4 591",0.5,"49.12°N","66.48°W","Quebec"," "," "
666,"Sainte-Anne-des-Plaines","9 885","10 179","10 384",0.5,"45.78°N","73.82°W","Quebec"," ","Montréal"
667,"Sainte-Claire","2 358","2 015","1 820",-2.51,"46.60°N","70.85°W","Quebec"," "," "
668,"Sainte-Croix","1 533","1 633","1 710",1.16,"","","Quebec"," "," "
669,"Sainte-Julienne","1 670","1 607","1 555",-0.82,"45.97°N","73.72°W","Quebec"," "," "
670,"Sainte-Justine","1 130","1 090","1 057",-0.77,"46.41°N","70.34°W","Quebec"," "," "
671,"Sainte-Madeleine","2 162","2 346","2 493",1.53,"46.60°N","73.10°W","Quebec"," "," "
672,"Sainte-Marie","8 047","8 612","9 053",1.26,"46.43°N","71.02°W","Quebec"," "," "
673,"Sainte-Martine","2 504","3 023","3 491",3.66,"45.23°N","73.80°W","Quebec"," ","Montréal"
674,"Saint-Éphrem-de-Tring","1 404","1 494","1 564",1.15,"46.07°N","70.96°W","Quebec"," "," "
675,"Sainte-Thècle","1 318","1 296","1 275",-0.41,"46.80°N","72.50°W","Quebec"," "," "
676,"Saint-Fabien","1 185","1 157","1 132",-0.54,"48.28°N","68.87°W","Quebec"," "," "
677,"Saint-Félicien","7 717","7 398","7 138",-0.89,"48.65°N","72.45°W","Quebec"," "," "
678,"Saint-Félix-de-Valois","2 812","2 451","2 244",-2.18,"46.17°N","73.42°W","Quebec"," "," "
679,"Saint-Gabriel","2 859","2 922","2 963",0.35,"46.28°N","73.37°W","Quebec"," "," "
680,"Saint-Gédéon","1 829","1 790","1 755",-0.49,"48.48°N","71.78°W","Quebec"," "," "
681,"Saint George","2 510","2 955","3 347",3.16,"43.24°N","80.25°W","Ontario"," "," "
682,"Saint-Georges","22 508","23 955","25 171",1.25,"46.13°N","70.68°W","Quebec"," "," "
683,"Saint-Germain-de-Grantham","2 110","2 435","2 715",2.76,"45.83°N","72.57°W","Quebec"," "," "
684,"Saint-Grégoire","1 217","1 098","1 010",-2.07,"46.27°N","72.52°W","Quebec","Saint Grégoire","Trois-Rivières"
685,"Saint-Henri-de-Lévis","1 358","1 493","1 603",1.79,"46.68°N","71.07°W","Quebec"," ","Québec"
686,"Saint-Honoré","1 714","1 639","1 578",-0.94,"47.72°N","69.13°W","Quebec"," "," "
687,"Saint-Hyacinthe","45 749","47 306","49 026",0.9,"45.63°N","72.96°W","Quebec"," ","Montréal"
688,"Saint Jacobs","1 227","1 477","1 702",3.61,"43.56°N","80.55°W","Ontario"," ","Kitchener"
689,"Saint-Jacques","2 230","2 292","2 335",0.47,"45.95°N","73.58°W","Quebec"," "," "
690,"Saint-Jean-de-Dieu","1 142","1 051",982,-1.68,"48.02°N","69.05°W","Quebec"," "," "
691,"Saint-Jean-Port-Joli","1 898","1 932","1 953",0.27,"47.20°N","70.27°W","Quebec"," "," "
692,"Saint-Jean-sur-Richelieu","70 550","78 519","85 101",2.03,"45.31°N","73.26°W","Quebec"," ","Montréal"
693,"Saint-Jérôme","54 337","57 920","60 699",1.18,"45.78°N","74.00°W","Quebec"," ","Montréal"
694,"Saint John","90 876","90 016","89 036",-0.27,"45.29°N","66.06°W","New Brunswick"," ","Saint John"
695,"Saint John's","147 378","151 322","153 820",0.41,"47.58°N","52.69°W","Newfoundland and Labrador"," ","Saint John's"
696,"Saint-Josephe-de-Beauce","3 333","3 342","3 339",-0.02,"46.30°N","70.87°W","Quebec","Saint-Joseph-de-Beauce"," "
697,"Saint-Josephe-de-Lanoraie","1 989","2 064","2 118",0.65,"45.97°N","73.23°W","Quebec","Saint-Joseph-de-Lanoraie"," "
698,"Saint-Jovite","4 263","4 422","4 537",0.64,"46.12°N","74.58°W","Quebec"," "," "
699,"Saint Leonard","1 395","1 362","1 332",-0.56,"47.17°N","67.92°W","New Brunswick"," "," "
700,"Saint-Liboire","1 382","1 436","1 475",0.67,"45.72°N","72.70°W","Quebec"," "," "
701,"Saint-Marc-des-Carrières","2 320","2 201","2 106",-1.1,"46.68°N","72.03°W","Quebec"," "," "
702,"Saint-Martin","1 668","1 644","1 621",-0.35,"45.95°N","70.65°W","Quebec"," "," "
703,"Saint Marys","6 293","6 617","6 863",0.92,"43.25°N","81.13°W","Ontario"," "," "
704,"Saint-Michel-des-Saints","1 567","1 482","1 415",-1.15,"46.67°N","73.92°W","Quebec"," "," "
705,"Saint-Pacôme","1 159","1 133","1 110",-0.51,"47.42°N","69.95°W","Quebec"," "," "
706,"Saint-Pascal","2 425","2 413","2 397",-0.17,"47.52°N","69.82°W","Quebec"," "," "
707,"Saint Paul","5 061","5 106","5 132",0.13,"53.98°N","111.28°W","Alberta"," "," "
708,"Saint-Pie","2 693","2 903","3 069",1.4,"45.50°N","72.90°W","Quebec"," "," "
709,"Saint-Prosper","2 428","2 339","2 265",-0.8,"46.20°N","70.48°W","Quebec"," "," "
710,"Saint Quentin","2 280","2 250","2 219",-0.35,"47.50°N","67.38°W","New Brunswick","Saint-Quentin"," "
711,"Saint-Raphaël","1 255","1 298","1 329",0.59,"46.78°N","70.75°W","Quebec"," "," "
712,"Saint-Raymond","3 512","3 445","3 384",-0.45,"46.88°N","71.83°W","Quebec"," "," "
713,"Saint-Rémi","3 847","4 019","4 146",0.78,"45.25°N","73.60°W","Quebec"," ","Montréal"
714,"Saint-Roch-de-l'Achigan","1 021","1 230","1 418",3.62,"45.87°N","73.61°W","Quebec"," "," "
715,"Saint-Sauveur-des-Monts","5 197","5 598","5 915",1.39,"45.90°N","74.17°W","Quebec"," "," "
716,"Saint Stephen","4 667","4 780","4 853",0.38,"45.20°N","67.27°W","New Brunswick"," "," "
717,"Saint Thomas","36 189","39 496","42 211",1.68,"42.78°N","81.19°W","Ontario"," "," "
718,"Saint-Tite","2 416","2 306","2 217",-0.98,"46.72°N","72.57°W","Quebec"," "," "
719,"Salaberry-de-Valleyfield","38 197","38 936","39 406",0.3,"45.26°N","74.14°W","Quebec","Valleyfield"," "
720,"Salisbury","1 954","2 036","2 095",0.72,"46.03°N","65.05°W","New Brunswick"," "," "
721,"Salmo","1 120","1 007",944,-1.6,"49.20°N","117.28°W","British Columbia"," "," "
722,"Salmon Arm","10 067","10 791","11 362",1.3,"50.70°N","119.29°W","British Columbia"," "," "
723,"Sarnia","78 577","78 827","78 808",-0.01,"42.99°N","82.40°W","Ontario"," ","Sarnia"
724,"Saskatoon","196 811","202 425","205 697",0.4,"52.15°N","106.66°W","Saskatchewan"," ","Saskatoon"
725,"Sault Sainte Marie","67 679","68 084","67 670",-0.15,"46.53°N","84.35°W","Ontario"," ","Sault Sainte Marie"
726,"Sayabec","1 347","1 305","1 269",-0.7,"48.55°N","67.68°W","Quebec"," "," "
727,"Schomberg","1 216","1 679","2 115",5.94,"44.03°N","79.64°W","Ontario"," "," "
728,"Seaforth","2 692","2 634","2 583",-0.49,"43.55°N","81.38°W","Ontario"," "," "
729,"Sechelt","5 951","6 592","7 121",1.95,"49.47°N","123.77°W","British Columbia"," "," "
730,"Selkirk","9 772","9 553","9 364",-0.5,"50.14°N","96.89°W","Manitoba"," "," "
731,"Senneterre","3 176","2 872","2 648",-2.01,"48.40°N","77.25°W","Quebec"," "," "
732,"Sept-Îles","23 093","22 837","22 341",-0.55,"50.22°N","66.38°W","Quebec"," "," "
733,"Sexsmith","1 653","1 959","2 232",3.32,"55.35°N","118.78°W","Alberta"," "," "
734,"Shaunavon","1 775","1 691","1 622",-1.04,"49.65°N","108.42°W","Saskatchewan"," "," "
735,"Shawinigan","49 778","49 236","48 674",-0.29,"46.56°N","72.75°W","Quebec"," ","Shawinigan"
736,"Shawnigan","3 398","3 565","3 691",0.87,"","","British Columbia"," "," "
737,"Shawville","1 582","1 587","1 586",-0.02,"45.60°N","76.48°W","Quebec"," "," "
738,"Shediac","4 892","5 555","6 112",2.42,"46.22°N","64.53°W","New Brunswick"," "," "
739,"Shelburne","4 213","5 149","6 005",3.92,"44.07°N","80.20°W","Ontario"," "," "
740,"Shelburne","2 013","1 879","1 775",-1.41,"43.77°N","65.32°W","Nova Scotia"," "," "
741,"Shellbrook","1 276","1 215","1 165",-1.05,"53.22°N","106.40°W","Saskatchewan"," "," "
742,"Sherbrooke","127 573","134 610","139 953",0.98,"45.40°N","71.90°W","Quebec"," ","Sherbrooke"
743,"Shilo","1 179","1 314","1 426",2.07,"49.73°N","99.97°W","Manitoba"," "," "
744,"Shippagan","2 920","2 754","2 622",-1.22,"47.73°N","64.70°W","New Brunswick","Shippegan, Shippigan"," "
745,"Sicamous","2 720","2 676","2 635",-0.39,"50.83°N","119.00°W","British Columbia"," "," "
746,"Simcoe","14 175","14 522","14 514",-0.01,"42.84°N","80.31°W","Ontario"," ","Norfolk"
747,"Sioux Lookout","3 531","3 071","2 821",-2.1,"50.10°N","91.92°W","Ontario"," "," "
748,"Slave Lake","6 859","6 703","6 572",-0.49,"55.28°N","114.78°W","Alberta"," "," "
749,"Smithers","5 414","5 247","5 107",-0.67,"54.77°N","127.17°W","British Columbia"," "," "
750,"Smiths Falls","9 977","9 533","9 312",-0.58,"44.91°N","76.02°W","Ontario"," "," "
751,"Smithville","3 317","3 769","4 153",2.46,"43.10°N","79.53°W","Ontario"," "," "
752,"Smoky Lake","1 011","1 010","1 007",-0.07,"54.11°N","112.47°W","Alberta"," "," "
753,"Sooke","6 290","6 601","6 836",0.88,"48.38°N","123.73°W","British Columbia"," "," "
754,"Sorel","36 786","36 594","36 334",-0.18,"46.05°N","73.14°W","Quebec","Sorel-Tracy"," "
755,"Souris","1 716","1 772","1 811",0.55,"49.62°N","100.25°W","Manitoba"," "," "
756,"Souris","1 248","1 232","1 216",-0.33,"46.35°N","62.25°W","Prince Edward Island"," "," "
757,"Southampton","3 360","3 390","3 404",0.1,"44.50°N","81.37°W","Ontario"," "," "
758,"South River","1 129","1 149","1 162",0.28,"45.85°N","79.37°W","Ontario"," "," "
759,"Sparwood","3 513","3 358","3 234",-0.94,"49.77°N","114.87°W","British Columbia"," "," "
760,"Spirit River","1 100","1 148","1 185",0.8,"55.78°N","118.83°W","Alberta"," "," "
761,"Springdale","3 045","2 764","2 553",-1.97,"49.48°N","56.10°W","Newfoundland and Labrador"," "," "
762,"Springhill","4 091","3 941","3 815",-0.81,"45.63°N","64.05°W","Nova Scotia"," "," "
763,"Spruce Grove","17 290","20 169","22 702",3,"53.53°N","113.92°W","Alberta"," "," "
764,"Squamish","12 391","13 114","13 671",1.05,"49.70°N","123.16°W","British Columbia"," "," "
765,"Stanley 157","1 433","1 550","1 642",1.45,"","","Saskatchewan"," "," "
766,"Stayner","3 885","3 913","3 924",0.07,"44.42°N","80.08°W","Ontario"," "," "
767,"Steinbach","9 227","11 066","12 711",3.53,"49.52°N","96.68°W","Manitoba"," "," "
768,"Stephenville","6 878","6 294","5 851",-1.81,"48.56°N","58.57°W","Newfoundland and Labrador"," "," "
769,"Stephenville Crossing","1 296","1 209","1 141",-1.44,"48.52°N","58.42°W","Newfoundland and Labrador"," "," "
770,"Stettler","5 225","5 435","5 595",0.73,"52.33°N","112.68°W","Alberta"," "," "
771,"Stirling","2 149","2 139","2 126",-0.15,"44.30°N","77.55°W","Ontario"," "," "
772,"Stonewall","4 012","4 376","4 669",1.63,"50.13°N","97.32°W","Manitoba"," "," "
773,"Stoney Point","1 316","1 429","1 520",1.56,"","","Ontario"," "," "
774,"Stony Mountain","1 700","1 757","1 797",0.56,"50.07°N","97.22°W","Manitoba"," "," "
775,"Stony Plain","9 109","11 355","13 460",4.34,"53.53°N","114.00°W","Alberta"," "," "
776,"Stratford","29 780","30 461","30 902",0.36,"43.37°N","80.98°W","Ontario"," "," "
777,"Strathmore","7 621","10 225","12 916",6.01,"51.04°N","113.40°W","Alberta"," "," "
778,"Strathroy","12 860","13 541","14 059",0.94,"42.95°N","81.62°W","Ontario"," "," "
779,"Sturgeon Falls","5 988","6 383","6 691",1.19,"46.37°N","79.93°W","Ontario"," "," "
780,"Sudbury","104 235","106 612","108 209",0.37,"46.49°N","81.01°W","Ontario"," ","Sudbury"
781,"Summerland","6 264","6 299","6 310",0.04,"49.61°N","119.69°W","British Columbia"," "," "
782,"Summerside","14 654","14 517","14 411",-0.18,"46.40°N","63.80°W","Prince Edward Island"," "," "
783,"Sundre","2 277","2 535","2 751",2.07,"51.80°N","114.65°W","Alberta"," "," "
784,"Sussex","5 503","5 654","5 754",0.44,"45.72°N","65.52°W","New Brunswick"," "," "
785,"Sutton","6 340","6 022","5 770",-1.06,"44.30°N","79.37°W","Ontario"," "," "
786,"Swan Hills","1 807","1 645","1 572",-1.13,"54.71°N","115.43°W","Alberta"," "," "
787,"Swan River","4 032","3 859","3 718",-0.93,"52.10°N","101.27°W","Manitoba"," "," "
788,"Swift Current","14 821","14 946","14 948",0,"50.30°N","107.80°W","Saskatchewan"," "," "
789,"Sydney","33 913","33 012","32 215",-0.61,"46.15°N","60.17°W","Nova Scotia","Cape Breton-Sydney, Cape Breton, Ceap Breatuinn, Glace Bay, Glasbaidh, Cape Breton - Sydney","Cape Breton"
790,"Sydney Mines","16 068","15 500","15 019",-0.79,"46.26°N","60.25°W","Nova Scotia"," ","Cape Breton"
791,"Sylvan Lake","7 894","10 661","13 602",6.28,"52.31°N","114.10°W","Alberta"," "," "
792,"Taber","7 764","7 677","7 597",-0.26,"49.78°N","112.15°W","Alberta"," "," "
793,"Tavistock","2 513","2 659","2 771",1.04,"43.32°N","80.83°W","Ontario"," "," "
794,"Teeswater","1 109","1 071","1 039",-0.76,"43.98°N","81.28°W","Ontario"," "," "
795,"Témiscaming","1 824","1 648","1 518",-2.03,"46.72°N","79.08°W","Quebec"," "," "
796,"Terrace","16 659","15 415","15 223",-0.31,"54.52°N","128.61°W","British Columbia"," "," "
797,"Terrace Bay","1 950","1 620","1 442",-2.87,"48.78°N","87.10°W","Ontario"," "," "
798,"Thamesford","1 748","1 904","2 030",1.61,"43.07°N","80.99°W","Ontario"," "," "
799,"The Pas","6 030","5 765","5 581",-0.81,"53.82°N","101.26°W","Manitoba"," "," "
800,"Thessalon","1 386","1 312","1 254",-1.12,"46.25°N","83.55°W","Ontario"," "," "
801,"Thetford Mines","21 635","20 989","20 439",-0.66,"46.10°N","71.31°W","Quebec"," "," "
802,"Thompson","13 256","13 446","13 354",-0.17,"55.74°N","97.86°W","Manitoba"," "," "
803,"Thornbury","2 029","2 217","2 369",1.67,"44.55°N","80.45°W","Ontario"," "," "
804,"Three Hills","2 955","3 160","3 324",1.27,"51.70°N","113.27°W","Alberta"," "," "
805,"Thunder Bay","103 215","103 247","102 006",-0.3,"48.42°N","89.28°W","Ontario","Port Arthur, Fort Williams","Thunder Bay"
806,"Thurso","2 446","2 299","2 184",-1.27,"45.58°N","75.23°W","Quebec"," "," "
807,"Tilbury","4 599","4 809","4 966",0.81,"42.25°N","82.43°W","Ontario"," "," "
808,"Tillsonburg","14 052","14 822","15 410",0.98,"","","Ontario"," "," "
809,"Timmins","31 188","30 243","29 447",-0.66,"48.49°N","81.35°W","Ontario"," "," "
810,"Tisdale","3 063","2 981","2 908",-0.62,"52.82°N","104.05°W","Saskatchewan"," "," "
811,"Tofield","1 818","1 876","1 919",0.57,"53.37°N","112.67°W","Alberta"," "," "
812,"Toronto","4 375 899","4 753 120","5 052 522",1.54,"43.65°N","79.38°W","Ontario"," ","Toronto"
813,"Tottenham","4 829","4 839","4 834",-0.03,"44.02°N","79.80°W","Ontario"," "," "
814,"Tracadie-Sheila","2 510","2 365","2 250",-1.24,"47.50°N","64.92°W","New Brunswick"," "," "
815,"Trail","9 119","8 735","8 594",-0.41,"49.10°N","117.73°W","British Columbia"," "," "
816,"Trois-Pistoles","3 640","3 505","3 393",-0.81,"48.12°N","69.17°W","Quebec"," "," "
817,"Trois-Rivières","117 768","121 666","124 428",0.56,"46.35°N","72.57°W","Quebec"," ","Trois-Rivières"
818,"Truro","21 710","22 376","22 831",0.5,"45.36°N","63.28°W","Nova Scotia"," "," "
819,"Tuktoyaktuk"," "," ",988,,"69.42°N","133.01°W","Northwest Territories"," "," "
820,"Tumbler Ridge","1 836","2 444","3 047",5.67,"55.13°N","121.00°W","British Columbia"," "," "
821,"Tununirusiq"," "," ",962,,"73.04°N","85.20°W","Nunavut","Arctic Bay"," "
822,"Tweed","1 539","1 595","1 636",0.64,"44.47°N","77.30°W","Ontario"," "," "
823,"Two Hills","1 091","1 047","1 012",-0.85,"53.72°N","111.75°W","Alberta"," "," "
824,"Ucluelet","1 559","1 487","1 429",-0.99,"48.93°N","125.52°W","British Columbia"," "," "
825,"Unity","2 243","2 147","2 067",-0.94,"52.43°N","109.17°W","Saskatchewan"," "," "
826,"Uxbridge","8 540","10 175","11 633",3.4,"44.10°N","79.12°W","Ontario"," ","Toronto"
827,"Valcourt","2 411","2 349","2 295",-0.58,"45.48°N","72.32°W","Quebec"," "," "
828,"Val-David","1 724","1 975","2 189",2.61,"46.03°N","74.20°W","Quebec"," "," "
829,"Val-d'Or","24 882","24 529","24 282",-0.25,"48.11°N","77.79°W","Quebec"," "," "
830,"Vallée-Jonction","1 196","1 228","1 250",0.44,"46.37°N","70.92°W","Quebec"," "," "
831,"Valley East","19 595","19 655","19 214",-0.57,"46.64°N","81.01°W","Ontario"," "," "
832,"Valleyview","1 856","1 725","1 671",-0.79,"55.07°N","117.28°W","Alberta"," "," "
833,"Vancouver","1 834 849","1 953 252","2 044 298",1.15,"49.28°N","123.13°W","British Columbia"," ","Vancouver"
834,"Vanderhoof","1 456","1 213","1 080",-2.86,"54.02°N","124.02°W","British Columbia"," "," "
835,"Vankleek Hill","2 022","1 877","1 766",-1.51,"45.52°N","74.65°W","Ontario"," "," "
836,"Vegreville","5 400","5 519","5 604",0.38,"53.50°N","112.05°W","Alberta"," "," "
837,"Vermilion","3 948","4 036","4 099",0.39,"53.35°N","110.85°W","Alberta"," "," "
838,"Vernon","40 124","42 812","45 893",1.75,"50.27°N","119.28°W","British Columbia"," ","Vernon"
839,"Victoria","288 697","304 683","316 911",0.99,"48.43°N","123.37°W","British Columbia"," ","Victoria"
840,"Victoriaville","36 083","37 981","38 844",0.56,"46.06°N","71.96°W","Quebec","Athabasca"," "
841,"Viking","1 052","1 085","1 110",0.57,"53.08°N","111.78°W","Alberta"," "," "
842,"Ville-Marie","2 790","2 701","2 626",-0.7,"47.33°N","79.43°W","Quebec"," "," "
843,"Vineland","2 443","2 817","3 139",2.74,"43.16°N","79.49°W","Ontario"," "," "
844,"Virden","3 109","3 010","2 926",-0.71,"49.85°N","100.93°W","Manitoba"," "," "
845,"Virgil","1 129","1 875","2 579",8.3,"","","Ontario"," "," "
846,"Vulcan","1 762","1 940","2 088",1.85,"50.40°N","113.25°W","Alberta"," "," "
847,"Wabana","2 679","2 418","2 202",-2.31,"47.64°N","52.98°W","Newfoundland and Labrador"," "," "
848,"Wadena","1 412","1 315","1 239",-1.48,"51.95°N","103.80°W","Saskatchewan"," "," "
849,"Wainwright","5 117","5 426","5 670",1.11,"52.83°N","110.87°W","Alberta"," "," "
850,"Walkerton","4 970","4 905","4 842",-0.32,"44.13°N","81.15°W","Ontario"," "," "
851,"Wallaceburg","11 114","10 703","10 336",-0.87,"42.59°N","82.39°W","Ontario"," "," "
852,"Walnut Grove","24 548","25 683","26 535",0.82,"49.19°N","122.62°W","British Columbia"," ","Vancouver"
853,"Warman","3 481","4 764","5 878",5.39,"52.32°N","106.57°W","Saskatchewan"," "," "
854,"Warwick","3 286","3 352","3 394",0.31,"45.95°N","71.98°W","Quebec"," "," "
855,"Wasaga Beach","7 705","9 460","11 072",4.01,"44.53°N","79.99°W","Ontario"," "," "
856,"Waskaganish",484,"1 599","2 101",7.06,"","","Quebec"," "," "
857,"Waterford","2 871","2 931","2 971",0.34,"42.93°N","80.28°W","Ontario"," "," "
858,"Waterloo","4 042","4 112","4 155",0.26,"45.35°N","72.52°W","Quebec"," "," "
859,"Watford","1 625","1 641","1 649",0.12,"42.95°N","81.88°W","Ontario"," "," "
860,"Watrous","1 808","1 743","1 688",-0.8,"51.67°N","105.47°W","Saskatchewan"," "," "
861,"Wawa","3 279","2 968","2 801",-1.44,"48.00°N","84.78°W","Ontario"," "," "
862,"Weedon Centre","1 186","1 182","1 175",-0.15,"45.70°N","71.45°W","Quebec"," "," "
863,"Wellesley","1 666","2 090","2 488",4.45,"43.47°N","80.76°W","Ontario"," "," "
864,"Wellington","1 743","1 807","1 854",0.64,"43.95°N","77.35°W","Ontario"," "," "
865,"Wembley","1 497","1 443","1 400",-0.75,"55.15°N","119.15°W","Alberta"," "," "
866,"Westlock","4 819","5 008","5 151",0.71,"54.15°N","113.87°W","Alberta"," "," "
867,"West Lorne","1 458","1 403","1 358",-0.81,"42.60°N","81.60°W","Ontario"," "," "
868,"Wetaskiwin","11 154","11 673","11 997",0.69,"52.97°N","113.38°W","Alberta"," "," "
869,"Weyburn","9 534","9 433","9 304",-0.34,"49.67°N","103.86°W","Saskatchewan"," "," "
870,"Wheatley","2 090","2 248","2 373",1.36,"42.10°N","82.45°W","Ontario"," "," "
871,"Whistler","8 178","8 054","8 204",0.46,"50.13°N","122.97°W","British Columbia"," "," "
872,"Whitchurch-Stouffville","11 073","11 863","12 484",1.28,"43.97°N","79.25°W","Ontario","Stouffville","Toronto"
873,"White City","2 188","1 508","1 261",-4.37,"50.44°N","104.35°W","Saskatchewan"," "," "
874,"Whitecourt","8 334","8 971","9 485",1.4,"54.13°N","115.68°W","Alberta"," "," "
875,"Whitehorse","16 843","18 122","19 123",1.35,"60.73°N","135.05°W","Yukon"," "," "
876,"White Rock","66 391","73 006","78 412",1.8,"49.03°N","122.83°W","British Columbia"," ","Vancouver"
877,"Wiarton","2 349","2 322","2 295",-0.29,"44.73°N","81.13°W","Ontario"," "," "
878,"Wikwemikong","1 352","1 314","1 282",-0.61,"45.80°N","81.71°W","Ontario"," "," "
879,"Wilkie","1 282","1 222","1 173",-1.02,"52.42°N","108.70°W","Saskatchewan"," "," "
880,"Williams Lake","12 997","12 475","12 396",-0.16,"52.13°N","122.14°W","British Columbia"," "," "
881,"Winchester","2 427","2 240","2 099",-1.61,"45.10°N","75.35°W","Ontario"," "," "
882,"Windsor","265 540","278 765","288 743",0.88,"42.30°N","83.03°W","Ontario"," ","Detroit-Windsor"
883,"Windsor","5 321","5 249","5 178",-0.34,"45.58°N","72.00°W","Quebec"," "," "
884,"Windsor","4 012","3 986","3 952",-0.21,"44.98°N","64.13°W","Nova Scotia"," "," "
885,"Wingham","2 885","2 923","2 945",0.19,"43.88°N","81.30°W","Ontario"," "," "
886,"Winkler","7 943","9 106","10 099",2.62,"49.18°N","97.93°W","Manitoba"," "," "
887,"Winnipeg","626 956","641 483","649 227",0.3,"49.88°N","97.17°W","Manitoba"," ","Winnipeg"
888,"Wolfville","3 658","3 772","3 850",0.51,"45.08°N","64.37°W","Nova Scotia"," "," "
889,"Wood Buffalo","38 667","47 705","54 771",3.51,"56.74°N","111.43°W","Alberta","Fort MacMurray, Fort McMurray"," "
890,"Woodstock","33 061","35 357","36 927",1.09,"43.13°N","80.76°W","Ontario"," "," "
891,"Woodstock","5 231","5 146","5 063",-0.41,"46.15°N","67.57°W","New Brunswick"," "," "
892,"Wynyard","1 919","1 744","1 613",-1.93,"51.77°N","104.18°W","Saskatchewan"," "," "
893,"Wyoming","2 200","2 080","1 986",-1.15,"42.95°N","82.12°W","Ontario"," "," "
894,"Yamachiche","1 235","1 311","1 369",1.09,"46.28°N","72.83°W","Quebec"," "," "
895,"Yarmouth","7 561","7 162","6 891",-0.96,"43.84°N","66.12°W","Nova Scotia"," "," "
896,"Yellowknife","16 055","17 863","18 959",1.5,"62.46°N","114.36°W","Northwest Territories"," "," "
897,"Yorkton","15 227","15 164","15 056",-0.18,"51.21°N","102.47°W","Saskatchewan"," "," "
